code	gen1	gen2	gen3	gen4	gen5	gen6	gen7	gen8	gen9	gen10	gen11	gen12	gen13	gen14	gen15	gen16	gen17	gen18	gen19	gen20	gen21	gen22	gen23	gen24	gen25	gen26	gen27	forest	geology	surface
1299	0	0	0	0	0	2	0	55	2	11	16	5	9	0	0	1	0	0	21	2	5	0	0	13	32	1	0	2	3	5
2644	9	0	3	0	2	2	1	14	1	20	29	5	10	3	0	7	0	0	0	0	5	0	7	5	19	0	2	7	6	15
1838	9	0	0	0	1	0	3	0	4	63	30	20	13	3	7	0	0	0	0	4	5	0	0	1	3	21	7	5	6	17.5
534	0	4	0	0	9	1	11	19	0	5	24	38	17	0	0	0	14	1	108	3	6	0	6	14	34	87	30	1	5	20.5
3213	1	1	0	0	0	0	4	5	1	5	15	23	4	6	0	5	4	0	7	2	0	0	3	7	5	18	8	1	6	10.5
1861	19	3	1	11	0	1	0	33	4	13	63	2	76	14	3	36	0	0	3	0	11	2	18	48	130	1	0	7	3	20
3445	1	4	0	0	2	0	0	12	0	11	10	3	2	0	0	2	2	0	37	0	1	1	3	16	8	9	20	1	3	5
865	4	0	0	0	0	1	0	1	0	38	9	0	6	9	0	0	1	0	0	2	3	0	0	0	0	0	0	2	3	5
3644	3	0	2	0	0	1	1	2	1	17	17	11	12	1	1	1	4	0	8	2	3	0	2	5	6	13	1	1	2	6
561	0	0	0	0	0	1	0	0	0	9	0	0	0	0	0	0	0	0	0	0	3	0	0	0	0	0	0	2	3	5.5
185	1	0	1	0	5	0	0	1	3	206	25	2	8	0	2	5	0	0	1	4	9	0	3	2	7	60	0	6	5	23
1884	12	0	0	0	0	0	0	0	3	36	16	13	12	0	2	0	0	0	0	7	2	1	0	0	0	5	1	5	6	6
566	4	0	0	0	0	2	0	3	1	19	1	0	2	0	0	0	0	0	0	1	0	1	0	2	2	0	0	1	3	5.5
182	2	0	0	0	8	0	1	0	1	17	6	6	7	0	2	2	1	0	5	10	1	0	1	2	3	63	6	6	5	13
501	1	0	0	3	1	0	0	1	0	12	6	4	5	0	0	0	0	0	1	0	3	0	1	4	2	5	1	7	1	5.5
1632	3	0	0	0	0	1	1	1	0	65	23	0	21	0	0	2	0	0	0	11	1	0	0	3	3	19	0	2	6	14.5
2827	5	1	2	2	1	0	0	4	3	14	29	9	13	3	1	0	1	0	0	0	7	0	10	14	9	7	18	7	6	8.5
1032	4	0	0	0	0	0	0	0	0	66	1	0	1	1	0	0	0	0	0	3	5	0	0	0	0	1	0	1	1	5
715	0	0	0	0	0	4	0	0	0	7	2	0	4	0	0	0	0	0	0	1	3	0	1	2	0	0	0	2	3	6
2167	3	0	0	0	3	0	4	8	4	18	18	17	1	2	0	2	3	0	0	2	1	0	6	18	21	29	1	7	6	12.5
1998	2	0	0	1	0	0	0	0	0	23	12	0	14	1	0	3	0	0	0	0	3	0	0	0	4	0	0	7	3	4.44
668	3	0	0	0	1	0	0	0	0	1	1	0	1	3	0	0	0	0	0	1	0	0	0	1	0	1	0	1	1	2.5
207	10	0	0	0	0	1	2	1	3	66	45	36	8	0	1	0	1	0	0	3	21	0	2	1	1	59	4	6	5	22
2955	1	0	0	3	0	0	2	7	1	24	32	13	25	2	0	1	4	0	2	1	6	5	2	13	17	8	11	7	6	11
605	0	0	0	0	0	0	0	0	0	3	4	0	4	0	0	0	0	0	0	0	0	0	1	0	0	10	12	1	1	2.0002064492
357	0	0	0	0	1	1	2	1	1	0	11	0	3	0	0	0	0	0	0	1	1	0	1	2	0	33	28	7	5	8
1873	0	0	4	0	0	0	0	0	0	13	8	0	2	4	0	0	1	0	0	0	0	0	0	1	0	4	0	5	6	3
197	7	0	0	3	3	0	4	0	0	9	22	6	3	0	1	1	0	0	0	1	5	1	7	1	3	36	1	6	5	11
1366	0	4	0	0	0	0	0	28	0	10	22	8	17	0	1	1	0	0	12	0	3	0	1	7	16	0	0	4	5	4.5
2954	1	2	4	0	0	0	0	2	1	11	23	4	21	2	1	2	0	0	0	0	8	2	7	8	5	13	0	5	6	8
250	4	0	0	1	2	0	4	0	2	13	28	16	10	0	1	2	0	1	8	7	5	0	11	1	4	46	61	7	5	17
407	4	0	0	0	4	0	15	9	0	70	48	29	35	0	3	3	7	0	4	0	7	4	11	11	2	52	41	5	1	17
724	0	0	0	0	0	0	0	0	0	10	2	0	4	7	0	0	0	0	0	0	0	0	0	0	0	3	0	2	1	5.5
429	0	15	0	0	2	0	22	11	1	117	61	62	58	0	17	7	8	0	0	2	0	0	19	4	6	71	76	1	1	17.5
3170	2	0	0	0	0	0	0	109	0	7	8	6	2	1	0	0	0	0	8	0	8	2	0	83	41	0	0	1	5	4.05
148	2	0	0	0	6	4	2	3	5	14	20	1	10	0	3	1	1	0	0	3	0	0	10	8	3	53	10	6	5	17
2058	6	0	0	0	0	0	0	1	0	6	21	3	22	1	5	3	0	0	0	0	3	1	2	4	15	0	0	7	6	7
1117	6	0	0	0	0	0	0	0	1	68	2	0	5	0	0	0	0	0	0	1	2	0	0	0	2	2	0	2	1	5
642	2	0	0	5	3	2	8	0	1	24	44	33	61	0	0	0	2	0	1	3	11	0	7	0	4	99	19	1	1	23.0026022369
1178	0	0	0	0	5	1	16	0	0	46	33	6	20	0	0	0	1	0	0	6	6	0	8	2	0	121	134	7	5	16.5
923	0	0	0	0	0	2	0	0	0	16	4	0	3	1	0	0	0	0	0	1	0	0	1	0	1	1	0	2	3	5.5
1943	5	0	0	3	0	0	0	1	0	26	21	5	8	0	2	3	0	0	0	1	9	0	6	1	3	0	0	7	3	7.25
84	1	0	0	2	4	1	0	52	1	17	12	3	5	0	1	3	2	1	1	4	10	2	18	14	6	16	0	6	5	12
1583	0	0	0	0	0	0	0	0	0	31	13	0	8	4	0	0	0	0	0	0	1	0	1	2	0	6	0	1	6	6.5
3093	3	6	3	3	0	2	0	11	0	44	26	1	23	2	3	3	1	0	13	0	15	0	6	17	76	0	0	7	3	10.5
42	4	0	0	1	3	1	1	3	1	5	6	12	16	0	4	1	1	0	0	3	3	0	9	9	1	18	0	6	5	13
1484	1	1	0	0	0	5	4	3	0	18	5	0	6	6	0	0	3	0	0	6	0	0	4	3	8	43	0	2	6	10
2602	2	0	1	0	0	0	0	4	0	21	9	0	11	0	1	5	1	0	0	3	2	0	5	9	102	0	0	7	3	8.5
1345	2	0	0	0	0	1	0	0	0	114	24	5	3	6	1	0	0	0	0	2	3	0	1	3	4	1	0	5	3	10.5
387	1	0	0	2	1	1	2	7	1	7	11	5	7	0	0	0	0	0	15	0	2	0	1	2	1	54	36	7	5	9.5
722	1	0	0	0	0	2	0	39	0	4	3	0	2	3	0	0	0	0	92	0	0	0	2	7	20	3	0	2	1	6
2856	9	0	0	1	0	0	2	9	0	34	31	0	22	1	3	6	0	0	19	1	13	0	8	11	35	5	0	7	3	10.175
3446	2	3	6	0	1	0	1	84	0	25	27	12	14	0	2	1	4	1	125	0	0	0	5	44	35	21	36	1	3	10.5
1456	1	2	0	0	1	0	8	16	0	4	8	8	4	0	2	0	0	0	41	3	0	0	5	26	10	17	2	2	6	3.5
91	4	0	0	0	0	0	1	2	1	6	8	1	7	0	0	5	0	0	6	0	2	2	3	2	2	11	0	6	5	12
3166	1	0	2	0	0	0	0	7	0	3	8	0	2	1	0	0	0	0	4	0	0	0	1	5	9	0	0	1	3	4
2152	8	1	0	0	0	0	0	0	7	21	12	2	31	4	0	0	0	0	0	2	1	0	0	2	0	8	0	5	6	14.5
2587	1	0	0	0	0	0	0	0	0	6	9	0	11	0	0	0	0	0	0	1	2	0	5	1	0	2	0	7	6	3
3229	3	2	2	1	0	2	0	8	0	16	18	0	8	1	1	0	1	0	13	0	4	0	1	24	46	0	0	7	3	8
2380	1	1	0	0	0	0	0	5	0	1	2	0	7	14	2	1	0	0	0	1	1	0	3	3	3	0	18	7	6	2
2213	1	0	0	0	1	0	0	3	0	15	9	1	18	0	0	0	3	0	0	2	5	0	6	10	16	2	0	6	6	4
3381	1	6	3	0	0	3	0	25	0	3	10	1	7	0	1	0	1	0	7	0	4	0	2	25	35	0	0	7	3	5.5
3409	2	0	0	0	0	0	0	3	2	24	21	0	5	17	2	3	0	0	12	1	2	2	3	6	10	10	1	5	6	10.5
2918	6	0	0	0	0	0	1	8	1	12	25	4	20	0	0	8	2	0	19	2	2	1	3	28	33	17	3	1	6	11
3315	2	3	1	0	0	0	0	0	0	4	2	3	0	0	0	0	2	0	0	0	0	0	0	0	0	4	15	6	6	3
2146	2	0	0	0	0	0	1	3	4	5	16	2	24	7	0	0	1	0	0	0	1	0	1	6	5	18	0	5	6	9
3139	0	2	0	2	0	0	1	17	2	0	14	11	16	1	0	0	19	0	11	1	1	0	2	6	11	22	0	5	6	6.5
3029	0	0	0	0	0	0	0	0	0	11	13	5	8	0	0	0	3	0	0	0	3	0	0	5	3	13	0	5	6	4
2553	5	0	3	1	0	1	0	10	1	11	21	2	7	0	0	4	3	0	5	1	12	0	8	21	112	2	0	7	3	10
3308	2	10	2	0	0	2	0	33	0	11	32	2	15	5	1	1	1	0	16	0	10	0	7	56	71	0	0	1	3	10
2981	4	1	0	2	0	0	1	8	0	24	38	4	31	0	2	5	5	0	1	4	7	0	4	30	47	3	0	7	3	8.19
2372	4	1	0	0	0	0	1	6	8	29	59	19	11	4	2	8	7	0	0	2	7	2	4	22	56	53	7	7	6	14
3606	3	4	0	0	0	0	1	8	0	15	18	9	14	0	4	1	0	0	14	1	3	0	9	9	19	6	13	1	2	8
1191	0	0	0	0	0	0	0	0	0	35	1	0	0	1	0	0	0	0	0	1	1	0	0	0	0	0	0	2	3	5.5
3224	6	0	2	0	0	0	0	1	0	24	27	2	26	8	3	1	3	0	11	3	9	3	5	18	80	2	0	7	3	10
667	7	0	0	0	1	1	0	5	0	21	5	0	2	4	1	3	0	0	0	2	2	1	0	2	2	4	0	2	1	8
2053	0	0	0	0	0	0	0	5	0	6	7	0	3	0	0	0	0	0	0	0	2	0	1	1	1	0	0	5	6	2
3584	1	0	0	0	0	0	0	1	1	12	2	2	0	18	0	2	0	0	9	0	2	0	1	4	2	3	2	1	2	3.75
986	10	0	0	0	0	1	0	4	0	60	10	0	13	10	0	1	0	0	0	1	2	0	1	3	2	1	0	1	1	10
2746	8	1	1	4	0	1	3	0	2	24	71	8	60	11	0	2	0	0	0	2	30	0	13	1	8	6	0	7	6	22
53	1	0	0	0	0	1	0	10	0	0	3	2	4	0	0	0	1	0	4	4	2	0	3	6	2	11	0	6	5	7.5
1674	4	13	2	0	1	0	1	14	0	33	82	7	42	13	8	3	0	0	3	0	11	1	5	88	93	7	0	7	3	18.5
3651	0	0	0	0	0	1	0	1	0	3	1	1	1	0	0	0	0	0	10	0	1	0	0	1	2	0	2	1	2	1.5
2073	8	2	2	1	0	0	0	11	0	19	32	0	15	1	1	7	0	0	0	2	10	2	11	17	48	3	0	7	3	10.5
461	2	0	0	2	1	1	9	4	0	44	21	16	53	0	0	2	2	0	0	4	1	4	3	4	4	39	40	7	1	17.5
2574	3	0	0	0	0	1	0	10	4	24	20	11	0	1	1	0	0	1	0	1	0	0	6	0	12	2	0	5	6	11
595	2	0	0	0	0	1	0	13	0	5	10	0	5	1	2	1	0	0	0	0	0	0	2	4	4	0	0	1	1	4
1756	5	0	0	0	2	0	1	0	3	34	44	32	5	1	6	1	0	0	0	1	5	0	5	2	2	18	27	1	2	17.5
1962	0	0	0	0	0	0	0	0	0	16	2	0	0	1	0	2	0	0	0	1	6	0	1	3	0	1	0	5	6	5
1102	1	0	0	0	0	1	0	0	0	1	1	0	5	3	0	0	1	0	0	1	0	0	0	0	0	0	0	2	6	2.5
815	2	0	0	0	0	1	1	0	0	33	10	0	3	2	0	0	0	0	0	2	0	0	0	0	0	0	0	2	3	5.5
3639	0	0	0	0	0	0	0	0	4	2	0	0	0	6	0	0	1	0	7	0	1	0	0	0	0	0	0	5	2	1.5
1768	7	5	2	0	0	1	0	3	1	46	38	13	80	0	5	9	1	0	1	0	20	1	7	15	41	3	0	7	3	20
1972	1	4	0	0	0	7	1	23	0	4	12	28	28	1	0	0	6	0	13	1	1	1	6	24	43	15	0	5	6	9
64	2	1	0	2	2	3	0	86	1	10	11	1	14	0	2	4	2	0	0	0	9	1	26	36	16	8	0	6	5	16.5
206	8	0	0	0	1	1	4	0	2	145	23	17	6	4	5	0	0	0	1	5	17	0	0	0	0	73	4	6	5	15.5
582	0	3	0	0	1	1	22	18	0	5	16	27	10	0	0	0	8	0	69	2	0	0	4	38	22	75	4	2	5	20.5
1438	0	0	0	0	1	0	1	0	1	14	7	0	6	1	0	0	0	0	0	1	0	0	0	0	0	17	0	5	6	3
1001	8	5	1	0	6	2	12	4	7	133	114	57	92	0	8	0	2	9	106	2	13	0	17	33	17	179	4	7	5	30
1720	14	0	5	10	0	8	0	31	0	59	112	5	104	0	7	17	1	0	9	1	31	1	30	26	136	1	0	7	3	30.5
3042	12	0	3	2	0	1	12	7	4	34	54	9	38	3	3	4	7	0	0	5	20	2	8	15	34	28	0	7	6	21
3348	0	2	0	0	0	2	1	5	2	13	9	0	6	12	1	5	4	0	23	2	4	0	2	10	5	11	0	1	6	10.5
3061	4	8	12	0	0	0	4	5	8	50	80	18	22	10	12	2	8	1	6	7	13	6	6	38	100	12	1	7	3	16
2713	8	0	2	1	0	3	0	10	0	39	30	3	25	9	3	6	0	0	17	1	13	0	9	36	116	0	0	7	3	16
2559	0	0	0	0	0	0	0	0	0	0	0	5	14	0	1	0	0	0	0	0	1	0	0	0	1	0	0	1	6	0.5
184	8	0	0	3	13	1	2	0	1	160	23	6	6	0	4	1	1	0	13	6	11	0	3	4	11	95	0	6	5	22.5
801	5	0	0	3	7	1	4	13	1	93	50	16	75	0	0	2	0	0	10	6	14	0	4	0	9	62	0	7	5	20.5
3064	0	0	0	0	0	0	0	0	0	11	1	3	0	0	0	0	0	0	0	0	0	0	0	2	1	2	0	3	6	1
364	4	0	0	0	0	1	2	2	2	5	23	10	6	0	0	0	0	0	2	1	3	0	0	3	1	39	0	7	5	12
1642	3	0	0	0	1	0	0	0	0	8	25	12	4	0	0	0	0	0	0	0	2	0	2	0	0	35	5	5	6	7.5
3711	3	1	0	0	0	0	3	27	3	63	20	0	11	8	1	3	4	1	54	1	3	0	1	34	21	26	3	1	2	9.5
2485	1	1	1	2	1	2	0	2	0	19	29	3	34	5	0	9	0	0	0	2	16	0	11	10	19	1	0	7	3	10.5
3051	7	3	2	1	0	1	2	7	1	21	21	0	23	9	0	0	5	0	13	1	6	1	6	40	88	4	0	7	3	10
896	15	1	1	5	3	6	21	8	4	199	67	38	63	0	0	1	1	5	195	10	19	0	11	4	17	106	17	7	5	26.5
3098	9	3	23	0	0	0	1	0	1	60	47	0	23	2	8	2	5	0	14	1	27	2	3	20	202	0	0	7	3	16.5
2538	3	0	0	1	0	0	0	6	0	9	15	4	12	13	2	7	0	0	0	3	4	1	2	4	45	5	0	7	3	7.435
141	2	3	0	1	7	4	3	4	0	8	15	6	10	0	3	1	0	0	0	3	0	0	24	11	3	39	8	6	5	17
1706	5	0	0	0	2	0	2	0	0	28	48	11	6	0	7	0	0	0	2	1	3	0	12	0	4	4	2	1	6	16.5
1652	10	1	0	0	1	0	5	0	2	78	50	46	37	3	4	2	1	0	0	4	3	1	9	5	7	33	34	1	6	19
2028	4	0	0	0	0	0	0	0	2	9	12	0	29	4	0	0	0	0	0	3	2	0	0	2	0	0	0	5	6	6
709	0	3	0	0	1	0	1	17	0	0	0	0	0	0	1	0	1	0	25	0	0	0	9	10	0	6	0	4	5	8
299	2	0	0	0	0	1	0	0	0	0	10	2	0	0	0	0	0	0	0	2	1	0	1	0	0	4	0	7	5	2.5
787	1	0	0	0	1	0	1	0	0	5	18	5	6	0	0	0	0	0	0	1	1	0	0	1	1	26	8	1	1	4.6294000952
3714	6	3	0	0	0	2	1	29	3	61	14	0	10	4	0	0	5	0	34	2	8	0	3	27	21	11	3	1	2	10
415	3	1	1	0	0	0	0	2	0	1	9	10	0	0	0	0	0	0	3	0	1	0	2	1	1	14	4	1	5	4
1700	1	0	0	0	1	1	1	0	1	30	14	28	20	0	4	0	0	0	0	0	0	0	1	4	1	14	5	5	6	9
3516	2	2	1	0	1	0	0	2	1	9	35	22	24	1	1	1	0	1	29	0	4	1	0	20	6	19	0	1	3	7.94
2928	3	2	2	0	2	0	0	2	1	8	36	14	8	2	1	3	3	0	0	1	6	0	11	10	14	2	0	1	6	12.125
2349	0	2	0	0	0	0	0	26	1	2	21	0	18	0	0	0	1	0	1	0	5	0	14	42	20	11	0	3	6	4
449	0	9	0	0	3	0	9	3	2	83	41	34	42	0	4	1	1	0	0	7	2	0	9	3	6	70	67	1	1	16.5
52	3	0	0	1	3	0	1	22	1	8	5	1	6	0	2	9	0	0	21	2	2	1	12	13	6	0	0	6	5	10.5
3562	2	1	2	0	0	0	1	1	0	6	21	22	18	1	1	0	1	0	9	2	4	0	5	8	6	11	3	1	3	6.94
3288	1	2	1	0	0	1	0	22	4	10	9	8	6	11	0	2	11	0	4	0	0	0	3	9	25	8	5	3	6	6.5
1349	3	0	0	0	0	0	0	0	3	138	14	5	12	1	2	3	0	0	2	1	1	0	6	3	11	0	0	5	3	9
2487	0	0	0	1	0	1	0	2	0	11	7	0	8	1	1	1	0	0	0	5	5	0	4	1	16	0	0	7	3	5.5
698	2	0	6	7	2	1	2	19	4	42	39	6	97	1	1	3	0	0	101	1	11	5	18	2	8	41	0	7	5	24
1194	0	0	0	0	0	3	0	0	0	29	0	0	1	2	0	0	0	0	0	0	1	0	0	0	0	0	0	2	3	10.08
746	0	0	0	0	0	1	0	0	0	22	6	0	5	0	0	0	0	0	9	1	0	0	1	0	0	2	0	7	5	1.5
1204	3	0	1	0	0	0	0	4	0	57	9	0	14	0	2	1	1	0	8	1	3	1	0	29	37	0	0	1	1	5
1192	0	0	0	0	0	1	0	0	0	70	1	0	3	3	0	0	0	0	0	1	4	0	0	0	0	0	0	2	3	5.5
220	9	1	0	0	10	1	0	3	4	84	15	3	8	0	1	5	0	0	0	3	5	0	2	2	3	43	0	6	5	18.5
3727	0	11	3	0	4	3	2	69	4	31	17	0	8	7	0	7	7	0	44	1	1	0	7	44	36	15	4	1	2	10.5
218	9	2	0	2	11	1	2	0	8	103	24	5	7	0	2	2	2	0	0	4	5	0	2	2	3	45	2	6	5	21.5
750	9	0	2	1	1	4	8	1	0	84	69	23	54	0	3	0	0	0	0	6	7	1	30	1	4	119	13	7	5	22.5
657	0	49	0	3	8	5	16	125	1	10	62	35	63	0	2	0	9	0	94	8	16	0	36	18	19	193	17	1	5	29
1247	1	0	0	0	0	1	0	1	0	38	9	0	5	6	0	0	4	0	0	5	3	0	1	3	5	2	0	5	6	6.25
2906	0	8	1	0	0	2	0	0	0	6	10	2	11	0	11	0	0	1	0	0	14	1	13	34	63	0	0	1	3	7
3010	3	3	4	0	1	1	1	5	0	13	19	0	20	3	8	2	2	0	36	0	9	1	2	19	29	2	0	7	3	6.81
423	2	0	0	4	3	0	2	2	0	11	18	12	19	3	0	7	0	0	0	2	1	0	3	0	4	9	1	7	5	11
1058	0	0	0	0	0	0	0	0	0	0	0	0	0	0	0	0	0	0	0	0	0	0	0	0	0	7	1	1	5	1.5
3550	1	0	0	0	0	0	1	1	0	13	20	10	10	0	1	0	0	1	12	0	2	0	0	4	1	9	0	1	3	5
125	0	0	1	0	0	0	0	2	0	8	3	0	6	0	0	0	1	0	0	4	6	0	4	4	4	5	0	6	5	10
718	1	0	0	0	0	0	0	0	0	24	5	0	7	1	0	0	0	0	0	1	1	0	3	0	1	1	0	2	3	5
1142	6	0	0	0	0	7	0	0	0	1	2	0	4	10	0	0	0	0	0	2	4	0	0	1	0	0	0	2	6	5.5
1788	1	0	0	0	0	0	3	0	0	28	24	22	16	2	3	0	0	0	0	0	4	0	1	2	0	15	1	5	6	8
2446	5	1	1	0	0	0	0	7	1	25	21	5	12	2	2	3	1	0	0	0	9	0	9	11	98	1	0	7	3	10
2601	11	2	2	5	0	1	0	6	1	15	27	0	19	2	1	5	0	0	0	1	15	0	4	15	74	0	0	7	3	10
198	4	0	0	0	1	0	0	0	0	4	3	1	0	0	0	0	0	0	0	3	2	0	0	1	1	8	0	6	5	2.5
1188	7	0	0	0	0	0	0	0	0	148	9	0	10	11	0	0	1	0	0	4	3	0	0	0	0	1	0	2	3	10
3556	1	0	0	0	0	0	1	3	0	4	6	5	0	1	0	0	1	0	8	0	1	0	4	4	15	1	6	1	2	2
2767	0	0	0	0	0	2	2	0	8	22	49	11	22	24	23	2	10	3	2	1	53	2	8	27	31	7	0	1	6	11.5
32	2	0	0	0	0	1	1	3	0	5	5	6	6	0	4	4	2	0	0	1	3	2	5	5	2	11	0	6	5	11
976	1	0	0	0	0	0	0	0	0	18	0	0	2	2	0	0	0	0	0	1	2	0	0	0	0	0	0	2	3	5.5
716	2	0	0	0	0	3	0	0	0	29	3	0	8	1	0	0	0	0	0	3	1	0	0	0	1	0	0	2	3	6.5
1115	4	0	0	0	0	0	0	0	0	92	11	0	10	0	0	2	0	0	0	1	12	0	1	1	1	0	0	5	3	9
3532	4	6	3	0	1	0	0	14	0	24	40	37	20	1	0	0	0	0	26	0	6	1	2	47	56	14	13	5	3	10.5
1830	0	0	0	0	0	0	1	0	0	4	0	1	1	0	0	0	0	0	0	0	1	0	0	0	0	2	0	3	6	1
3125	3	2	0	0	0	0	0	4	1	18	23	2	21	3	1	2	0	0	6	2	11	1	1	18	47	0	0	7	3	8
1909	0	0	0	0	0	0	0	0	0	3	2	0	9	16	0	0	3	0	0	5	2	0	0	0	0	3	0	5	6	6
912	1	7	0	0	6	3	12	115	1	10	63	34	57	0	6	0	3	0	60	7	8	0	9	18	21	173	61	1	5	21
2647	2	0	1	5	0	2	0	0	0	12	31	8	15	10	1	2	0	0	0	3	15	0	7	0	2	2	0	7	6	10.5
329	1	0	0	3	0	1	2	9	0	9	9	6	4	0	0	0	1	0	84	1	0	0	14	7	7	14	51	1	5	7.5
3083	10	2	0	0	1	0	0	37	2	20	65	3	21	8	3	3	2	0	5	4	12	0	7	30	68	11	0	1	6	14
3464	4	1	1	0	2	1	2	53	2	25	36	14	6	0	1	6	1	1	93	2	2	0	4	67	19	28	46	1	3	9
1309	0	0	0	0	0	1	0	0	0	0	0	0	0	1	0	0	0	0	0	0	0	0	0	0	0	0	0	2	6	0.5
1831	2	0	0	0	0	0	1	0	0	7	0	0	0	17	0	1	0	0	0	0	4	0	0	1	1	0	0	6	6	4.5
1535	0	0	1	0	0	1	2	0	1	91	18	0	21	1	0	3	0	0	0	1	2	0	1	1	1	1	0	1	6	10.5
2205	6	5	0	0	2	0	0	4	1	1	10	2	14	0	2	0	0	0	0	0	7	3	4	6	15	3	0	5	6	8.5
2651	5	1	2	0	0	0	0	6	0	12	50	6	15	0	1	3	2	0	0	1	11	0	7	5	31	0	0	7	3	10
2459	1	1	10	8	1	1	0	15	2	22	73	9	23	15	3	8	2	14	15	0	16	4	9	49	97	0	0	7	3	15.35
2706	15	0	7	2	0	1	0	2	0	82	47	1	21	2	1	10	1	0	0	7	18	4	6	20	101	13	0	7	3	14.75
3294	6	1	0	0	0	0	3	0	5	102	33	2	5	25	2	3	8	0	2	0	0	0	2	8	2	43	18	7	6	18.5
1960	0	0	0	0	0	3	0	0	0	2	0	0	0	1	0	0	0	0	0	0	0	0	0	0	0	0	0	5	6	2
2153	4	1	0	0	1	0	0	6	4	25	44	3	24	1	0	0	0	0	0	2	12	2	3	6	9	0	0	5	6	15
1318	0	0	0	0	0	0	1	0	1	42	8	5	3	0	1	1	0	0	0	3	1	0	0	1	1	5	0	1	3	5
2540	6	0	0	0	0	0	0	3	0	13	20	1	8	12	3	5	0	0	0	12	7	1	6	11	46	0	0	7	3	7.51
375	1	0	0	0	1	0	0	0	0	0	5	3	1	0	0	0	0	0	0	2	3	0	1	0	1	46	4	7	5	4
3188	0	0	0	0	0	0	0	0	0	0	0	0	0	0	0	0	0	0	0	1	1	0	0	0	0	0	0	1	3	0.16
1595	3	0	0	0	2	3	1	3	1	16	11	19	0	3	3	0	1	0	5	0	1	0	6	6	10	27	8	5	6	10
1500	1	0	0	0	0	0	0	4	5	10	8	7	19	0	1	0	0	0	25	0	1	0	6	2	1	2	0	6	6	5.5
1133	0	1	0	0	0	0	0	0	0	0	0	0	0	0	0	0	0	0	0	0	1	0	0	0	5	3	1	1	5	0.5
3009	2	4	2	0	0	1	0	18	1	10	20	1	7	10	1	2	2	0	2	2	5	0	15	20	57	8	0	7	6	7.25
1675	2	3	0	5	0	2	3	16	0	24	46	6	34	81	3	7	1	0	2	3	10	4	24	63	125	9	0	7	3	21
3428	0	2	1	0	0	0	0	6	0	2	8	1	0	0	1	0	0	0	30	0	0	1	0	10	8	4	7	1	1	3.5
2037	3	0	0	0	0	0	3	0	0	2	27	7	31	4	0	0	0	0	0	1	3	0	1	3	0	19	0	5	6	11
2108	4	0	1	0	4	1	0	0	0	4	14	13	17	0	3	0	0	0	15	2	1	0	8	5	5	1	0	6	6	5.5
361	7	1	0	0	0	0	1	0	0	1	8	5	4	0	0	0	0	0	0	0	5	0	2	3	0	29	21	7	5	8.5
1833	2	0	0	0	0	4	0	38	5	27	5	4	1	0	0	5	3	0	25	1	5	2	7	18	8	2	0	3	6	11.5
244	9	0	0	3	4	1	3	2	5	29	45	30	22	0	1	1	6	0	0	2	23	0	9	2	1	98	5	6	5	22.5
3297	2	2	0	0	0	5	3	15	9	49	29	0	9	24	2	7	2	0	26	0	11	0	4	28	24	22	0	1	6	21
70	4	0	0	0	0	4	0	19	0	3	13	0	5	0	2	1	2	0	2	2	0	3	7	15	6	11	0	6	5	11
1381	8	0	0	0	0	6	1	3	0	128	22	0	16	10	0	1	0	0	0	7	4	0	2	3	14	9	0	5	6	18
3379	3	9	4	0	0	0	0	51	0	12	59	13	21	1	3	4	0	0	33	0	4	1	8	37	71	0	0	1	3	10.31
2658	15	0	1	0	0	1	0	10	0	47	20	2	8	2	0	4	0	0	0	0	9	4	5	20	95	0	0	7	3	11
2203	5	0	0	0	0	0	1	0	4	41	27	1	33	5	0	0	1	0	0	2	10	2	3	4	0	2	0	5	6	20.5
613	2	1	1	5	4	7	12	55	1	24	51	52	10	0	3	0	1	1	308	2	5	0	12	11	22	89	4	1	5	23
1305	0	0	0	0	0	0	0	0	0	1	0	0	1	1	0	0	0	0	0	0	5	0	0	4	2	0	0	2	6	3.5
73	4	0	0	0	0	0	1	3	0	0	5	0	3	0	2	1	0	0	0	0	1	0	7	1	2	2	0	6	5	6
3233	2	2	1	0	0	0	3	8	4	38	32	5	31	12	0	4	15	0	10	2	8	1	6	21	7	34	26	1	6	20
136	0	0	0	0	0	0	0	0	0	1	2	0	1	0	0	0	0	0	0	0	0	0	1	0	0	4	1	6	5	1
2326	7	0	0	1	1	1	0	6	2	7	18	4	24	3	7	1	0	0	0	0	11	3	6	12	26	5	0	7	3	12
443	3	1	0	3	0	1	2	0	3	22	26	16	37	0	0	4	2	0	0	0	5	0	3	6	11	33	8	7	5	17.5
1879	3	1	0	0	1	3	2	5	4	7	19	20	41	1	1	0	9	0	0	1	2	2	8	11	21	12	3	5	6	13
2877	2	0	0	0	0	3	0	11	2	10	29	3	8	0	0	3	2	0	0	1	7	0	3	19	14	4	1	7	6	7.5
494	0	4	0	0	7	0	18	44	0	0	8	8	10	0	0	0	12	0	220	5	1	0	17	6	3	65	40	2	5	15
3485	0	0	0	0	0	1	2	0	0	21	9	1	2	6	0	2	2	3	14	0	1	1	2	8	2	46	6	1	6	8.5
1222	2	0	0	0	0	0	0	0	0	122	3	0	0	3	0	0	0	0	0	1	2	0	0	0	0	3	0	2	3	5.5
3280	2	3	1	0	0	0	0	2	1	12	17	1	5	14	3	1	0	0	9	5	7	0	5	24	16	1	0	1	3	7
130	4	0	0	1	6	6	0	36	3	13	13	5	10	0	2	1	0	0	95	2	0	3	22	22	10	35	6	7	5	18
2165	2	1	1	0	1	3	0	8	0	15	39	18	21	1	0	0	3	1	0	1	1	1	11	35	80	14	1	6	6	17
2641	3	0	3	0	0	0	0	2	3	13	26	2	12	6	1	1	0	0	0	1	7	0	7	4	12	4	0	7	6	9.5
1436	2	0	0	0	0	2	0	0	1	17	13	0	25	3	0	0	1	0	0	2	1	0	1	4	11	10	0	2	6	11.5
3123	9	0	1	1	0	0	0	4	0	9	10	1	11	4	1	0	1	0	4	0	4	0	2	3	12	1	0	7	3	5.31
2970	5	1	2	0	1	0	0	5	0	10	27	4	21	0	0	1	0	0	0	0	5	1	10	11	27	1	0	1	6	10
2428	1	0	2	0	0	0	0	2	2	15	14	1	30	0	0	1	0	0	0	4	2	2	3	2	5	0	0	7	3	9.5
1516	10	0	0	0	0	0	2	0	0	27	59	25	21	7	4	0	0	1	4	3	8	0	8	4	4	25	1	1	1	17
3705	2	5	3	0	0	1	2	11	4	9	14	1	1	1	1	2	2	0	13	0	1	3	3	21	26	7	13	1	2	6
1236	5	0	0	0	0	0	0	21	0	32	20	4	22	0	0	1	0	0	52	1	6	0	4	28	20	3	0	1	1	10
2812	2	2	2	1	0	1	1	11	0	7	24	0	20	7	3	1	2	0	23	0	7	0	9	30	60	1	0	7	3	10
2382	6	0	1	1	0	1	0	7	0	11	25	1	29	1	2	8	0	0	0	3	11	2	13	17	84	0	0	7	3	10.5
2725	0	2	2	0	0	2	5	59	0	0	15	9	5	0	0	0	2	0	124	0	1	0	9	6	50	14	0	2	6	5.5
2034	2	0	0	0	1	2	4	4	8	8	16	17	58	11	1	0	0	0	8	0	4	0	2	13	13	24	0	5	6	14.5
1159	3	0	0	0	0	1	0	1	0	24	2	0	0	0	0	1	0	0	0	0	2	0	0	0	0	0	0	5	3	5.5
1328	0	0	0	0	0	0	0	0	0	0	2	0	0	0	0	0	0	0	0	0	0	0	0	0	13	0	0	1	1	1
2397	12	0	2	1	0	0	0	11	0	8	9	0	6	0	2	5	0	0	0	3	9	6	7	6	126	0	0	7	3	10
2289	9	0	0	2	2	1	0	4	0	20	16	1	19	30	4	6	0	0	1	1	18	6	5	11	83	0	0	7	3	10.5
2356	6	3	0	0	0	2	0	12	8	16	16	11	23	2	0	0	0	0	0	1	10	1	2	23	50	10	0	5	6	13
3673	0	0	0	0	0	0	0	0	0	25	3	0	0	0	0	1	0	0	4	0	0	0	0	0	0	0	0	3	6	1
1130	3	0	0	0	1	0	0	19	0	21	1	5	1	6	1	1	1	0	8	2	0	0	0	4	6	13	0	1	1	5.5
3115	2	0	3	0	0	2	6	3	1	10	55	5	15	0	1	3	10	3	0	1	10	0	12	15	9	46	20	1	6	11
1575	1	0	6	3	3	6	15	2	1	25	12	15	5	19	17	10	8	0	3	0	4	4	5	15	8	37	2	7	5	18
941	3	0	0	0	0	0	0	0	0	22	8	0	8	4	0	0	0	0	0	1	2	0	1	9	3	0	0	1	1	5.5
1468	0	0	0	0	0	0	3	3	2	17	24	27	17	6	1	0	0	0	5	0	1	0	9	17	2	29	0	5	1	5
2039	2	0	0	0	0	0	1	0	1	2	11	1	9	1	0	0	0	0	0	1	4	0	1	2	0	2	0	6	6	5.5
3437	0	3	0	0	0	0	4	0	4	75	39	2	8	4	3	8	6	0	28	2	5	0	5	14	9	59	12	1	6	20
1758	1	0	1	0	0	0	9	0	1	47	48	59	30	3	3	0	0	0	0	0	9	0	4	6	1	68	33	7	2	20
3097	9	1	4	0	1	2	3	2	1	65	51	1	51	14	14	4	0	0	7	1	29	1	7	49	200	0	0	7	3	17
2637	7	1	1	0	0	1	0	12	1	14	43	15	39	15	1	0	0	0	0	3	10	1	7	15	17	1	0	7	6	15.5
2101	3	0	0	0	0	0	2	1	5	10	16	4	10	0	2	0	6	0	7	1	11	0	1	6	3	17	22	6	6	10
1669	18	0	1	0	0	2	20	5	0	32	50	16	28	44	11	11	1	0	16	0	13	1	11	4	14	40	4	7	3	19.5
2436	6	3	1	7	1	0	0	4	0	32	39	3	40	0	2	5	0	0	0	5	15	1	14	10	47	2	0	7	3	16
1165	1	0	0	0	0	1	0	2	1	8	1	0	2	0	0	0	0	0	5	0	1	0	2	3	4	0	0	1	1	2
2784	1	2	0	0	0	1	0	6	0	9	13	3	8	1	0	1	5	0	0	1	3	0	3	6	3	5	0	7	6	5
115	0	0	0	0	4	4	1	36	3	14	11	4	4	0	0	1	0	0	27	5	1	0	9	9	4	3	0	6	5	10.5
829	4	0	0	0	0	0	0	7	1	45	4	0	2	3	0	0	0	0	0	6	2	0	0	0	2	1	0	1	1	8
3259	3	3	1	1	1	0	0	21	0	16	25	3	8	3	1	1	0	0	6	1	3	0	3	18	32	0	0	7	3	9
1549	12	1	0	0	0	0	2	2	5	29	35	23	32	2	5	0	1	0	169	5	5	0	10	8	17	15	1	2	6	19
3392	6	1	0	0	0	0	1	0	2	43	23	0	1	0	2	2	6	2	5	1	3	0	1	4	8	18	8	1	6	14
3306	3	1	0	1	1	0	0	4	0	3	11	0	3	4	1	0	0	0	10	2	8	0	2	17	16	0	0	1	3	5
3190	8	1	3	1	0	0	2	2	0	14	24	3	34	3	3	1	3	0	5	2	10	1	3	15	24	0	0	5	3	10.5
1699	14	1	1	0	0	2	2	0	3	35	24	17	9	0	5	0	1	0	18	2	6	0	8	2	6	22	7	5	6	11.5
3411	3	0	1	0	0	1	2	1	4	58	11	0	5	18	3	4	6	0	5	0	1	0	2	6	10	39	20	5	6	16.5
3058	9	0	1	0	0	0	0	1	2	27	47	0	39	29	10	8	0	0	0	1	27	0	2	10	67	0	0	7	3	14
932	5	0	0	0	0	0	0	1	0	36	3	0	6	5	0	2	0	0	0	2	1	1	0	2	2	0	0	5	1	5
2038	1	0	0	0	0	0	0	0	0	0	3	3	11	1	0	0	0	0	0	2	0	0	0	0	0	6	0	6	6	2
1496	0	0	0	0	0	0	0	0	0	8	4	2	2	0	0	0	0	0	0	0	0	0	0	0	0	0	0	5	6	1
800	12	1	2	0	1	3	9	6	1	54	49	25	40	0	12	0	0	0	40	0	8	0	8	1	2	80	0	7	5	21
2239	11	0	0	0	0	0	0	3	2	20	12	0	21	0	1	3	2	0	1	0	11	3	4	21	78	1	0	7	3	10
3671	5	6	0	0	0	0	2	10	2	22	10	8	1	1	0	2	4	0	15	0	4	1	0	15	11	17	18	1	2	8.5
2155	0	0	0	0	0	0	0	0	2	6	11	4	0	0	0	0	1	0	0	1	0	0	3	1	1	2	3	6	6	2
962	2	0	0	18	1	2	19	63	0	65	66	32	19	0	1	0	6	1	36	3	25	0	18	11	27	98	158	1	5	21.5
759	0	11	0	1	5	0	1	152	0	0	11	0	10	0	0	0	1	0	93	9	0	0	16	179	21	2	0	4	5	14.5
1895	2	0	0	0	0	1	1	0	6	30	31	16	1	6	0	4	1	0	0	3	2	0	6	2	2	25	28	5	2	9.5
1340	4	0	0	0	0	1	0	0	0	69	13	0	7	2	2	3	0	0	0	1	1	0	1	0	4	3	0	5	6	7
1403	3	2	0	0	2	2	15	99	3	19	42	57	32	0	3	4	3	0	306	1	5	2	19	66	16	31	63	2	6	19
3567	2	2	1	0	1	0	0	5	0	12	25	22	9	0	0	0	1	3	69	0	3	0	7	13	34	7	7	1	2	7.5
2728	1	8	0	0	0	3	5	169	3	1	13	12	16	0	0	0	12	0	14	1	0	0	22	39	59	18	0	5	6	10
765	5	0	0	0	0	4	0	0	0	45	3	0	9	0	0	0	0	0	0	2	3	0	0	0	1	0	0	2	3	8.5
1530	1	0	0	0	0	2	1	0	0	3	8	0	7	5	0	0	2	0	0	2	0	0	0	3	2	15	0	2	6	6
1317	5	0	0	0	0	1	0	0	1	68	8	2	5	5	1	0	0	0	0	3	2	0	0	0	0	2	0	5	3	5
813	5	0	0	0	0	0	0	0	0	48	6	0	2	5	0	0	0	0	0	2	1	0	0	0	1	0	0	2	3	5.5
3571	1	1	0	0	0	0	0	0	0	13	22	3	10	1	0	0	1	0	8	0	6	0	2	2	2	28	8	5	2	8.5
280	5	0	0	0	0	0	0	0	1	12	24	7	4	0	1	0	0	0	4	1	1	0	6	0	0	37	3	7	5	9
2992	2	4	0	3	0	0	0	20	2	16	37	5	23	1	1	2	3	0	4	0	8	3	3	27	10	1	0	5	6	14
2322	1	2	0	0	0	0	1	4	2	18	25	8	39	0	1	1	1	0	1	0	2	0	6	23	45	2	0	5	6	9
2174	2	0	0	0	1	0	6	0	0	9	6	0	4	3	0	2	0	0	0	1	1	0	0	0	3	1	0	7	3	4.31
3076	4	1	3	0	0	0	6	0	6	22	51	26	8	12	4	5	17	0	1	4	6	0	2	5	6	68	33	1	6	20.5
2619	0	8	0	0	0	16	0	0	3	2	24	7	22	0	71	4	2	6	28	0	40	16	72	54	152	0	0	1	3	19.2
2717	1	0	0	0	0	0	0	3	0	4	3	0	2	0	1	1	0	0	1	0	1	0	0	4	11	0	0	7	3	1.5
1396	2	0	0	0	0	0	0	4	0	76	5	7	1	5	1	1	0	0	2	2	0	0	1	2	7	0	0	5	3	5.5
1045	0	0	1	0	0	0	0	5	2	18	1	1	1	0	1	0	0	0	2	0	0	0	0	3	5	5	0	1	1	2.5
276	5	0	0	0	0	1	8	0	4	45	50	18	10	0	0	1	3	0	0	7	10	1	0	1	4	84	36	7	5	24
710	0	0	0	0	0	0	0	0	0	0	1	0	3	2	0	0	0	0	0	0	1	0	0	0	0	0	0	5	6	2.875
3112	0	0	0	0	0	0	6	4	2	8	11	10	1	2	0	3	7	0	0	1	0	0	2	6	3	36	10	7	6	10.5
1445	0	0	0	0	0	0	0	0	0	38	5	1	0	4	1	0	0	0	0	0	0	1	0	1	0	0	0	5	6	2.5
3226	1	0	1	0	3	1	1	9	0	14	23	8	9	3	0	0	2	0	12	0	4	0	1	14	60	1	0	7	3	6.775
223	5	0	0	1	1	0	3	1	1	172	27	27	7	0	0	0	2	0	0	6	17	0	1	1	1	71	27	7	5	22
113	0	0	2	0	0	0	0	0	0	1	0	0	0	0	0	0	0	0	0	0	0	0	2	0	0	0	0	6	5	1
696	11	0	1	1	4	0	10	2	5	119	101	22	78	0	1	1	0	0	201	9	25	1	25	6	6	187	29	1	5	31
441	5	7	0	7	2	2	2	15	1	48	35	14	94	0	10	3	2	1	0	1	7	3	8	6	33	19	2	7	1	18
3631	1	1	0	0	0	1	0	0	0	6	7	1	0	0	0	0	0	1	5	0	0	0	0	2	2	9	16	1	2	3
11	4	0	0	0	0	2	1	10	0	1	10	0	9	0	4	0	0	0	20	1	7	1	14	16	3	5	0	6	5	9.5
2462	0	3	0	0	1	2	8	27	10	10	28	13	6	0	0	0	10	0	193	0	0	0	12	53	82	40	1	2	6	18
978	5	0	0	0	1	1	5	0	0	41	3	0	4	12	0	0	0	0	0	2	0	0	0	1	0	22	0	2	6	17
2922	0	2	4	1	1	1	4	5	4	17	70	37	28	2	1	4	9	3	0	4	2	0	7	6	5	76	69	7	6	19
766	2	0	0	0	0	0	0	0	0	24	8	0	8	1	0	0	0	0	0	0	2	0	0	1	2	0	0	2	3	2.5
2337	9	0	2	0	0	2	0	11	0	32	18	0	13	0	0	7	0	0	0	0	11	0	8	8	65	0	0	7	3	11
2946	1	4	25	0	0	21	0	0	2	17	21	2	10	19	12	6	6	2	52	0	21	8	43	69	72	0	0	1	3	14.55
3147	0	0	1	0	0	0	2	0	4	16	54	20	9	4	0	4	12	0	0	1	1	0	4	3	6	34	25	1	6	16.5
2469	2	0	0	0	0	1	0	0	0	0	8	7	0	1	0	0	0	0	0	0	0	0	0	0	1	8	0	6	6	1.5
2604	5	0	1	0	0	0	0	9	0	12	15	0	2	0	2	1	1	0	0	1	5	0	2	14	54	0	0	7	3	5.5
2557	5	0	2	2	1	4	0	7	0	30	22	0	22	6	5	4	3	0	2	3	12	2	6	16	89	0	0	7	3	10.5
3433	2	0	0	0	2	0	0	0	3	9	7	0	3	0	0	0	0	0	1	0	5	0	2	2	3	7	13	5	6	7.5
994	3	0	0	0	0	0	0	13	0	31	5	0	10	3	1	0	0	0	1	2	5	0	7	16	9	1	0	1	1	5
27	1	0	0	0	0	1	0	5	1	3	6	0	5	0	10	5	0	0	0	1	6	3	11	4	4	15	0	6	5	13.5
3266	0	2	0	0	0	0	3	1	2	10	9	1	0	20	0	3	1	0	2	0	1	0	0	0	3	7	2	7	6	8
1655	3	0	0	3	6	0	2	1	3	48	56	47	33	1	9	0	1	0	0	1	6	0	1	3	4	13	39	1	6	19
63	1	0	0	0	2	2	0	25	3	0	4	0	5	0	1	0	0	0	0	0	2	1	18	9	5	4	0	6	5	7.5
2893	5	3	3	0	1	0	0	37	1	17	31	2	31	9	1	1	1	0	1	1	3	0	11	31	79	1	0	7	3	10
1858	14	1	0	1	0	2	1	23	1	25	39	5	19	41	7	8	1	0	1	1	15	2	11	13	72	0	0	7	3	15
1175	1	0	0	0	0	0	0	36	2	4	5	6	5	3	0	2	2	4	7	0	0	0	1	1	5	10	2	1	1	5.5
3045	4	2	2	0	4	0	0	18	1	23	55	7	16	0	3	5	1	0	0	1	3	0	7	18	59	15	1	1	6	10
2207	2	1	3	0	1	0	1	13	5	8	37	3	61	0	3	0	0	0	29	0	18	2	7	19	38	1	0	5	6	16.5
1703	3	0	0	0	4	0	4	0	3	43	46	41	66	0	8	0	1	0	0	3	19	0	18	1	5	12	14	1	6	19.5
390	1	0	0	0	0	0	0	1	0	3	16	7	2	0	0	0	0	0	1	0	6	0	1	0	1	29	2	7	5	8.5
3661	0	0	0	0	0	0	0	0	3	0	0	0	0	5	0	0	0	0	0	0	1	0	0	0	0	0	0	5	2	2
2491	9	0	0	0	0	0	0	5	0	27	22	0	16	0	3	7	0	0	0	2	9	1	8	9	76	0	0	7	3	10.125
560	3	0	0	0	0	0	0	0	0	22	0	0	0	3	0	0	0	0	0	0	2	0	0	1	2	0	0	2	3	5
860	0	0	0	0	0	0	5	46	0	0	17	7	10	0	1	0	1	0	39	1	1	0	3	14	18	50	11	4	5	7.5
1624	18	7	4	3	5	1	10	39	3	22	62	8	37	122	34	17	13	0	21	0	11	11	23	89	86	28	1	7	3	31
1026	1	0	0	0	0	0	0	0	0	31	1	0	0	0	0	0	0	0	0	0	3	0	0	0	0	0	0	5	6	3
2088	5	0	0	0	0	0	1	0	1	32	13	1	19	0	0	0	0	0	0	4	8	0	0	0	3	11	0	5	6	8
1762	4	1	3	13	1	0	0	1	2	108	61	30	90	0	14	0	0	0	0	1	23	0	11	4	7	34	12	5	2	29
3400	6	6	2	0	0	3	0	15	0	6	23	1	21	1	0	1	2	0	2	0	4	0	5	29	43	1	0	5	3	7.5
2049	0	0	0	0	0	0	0	0	0	3	6	0	0	1	0	0	0	0	0	0	1	2	3	1	3	1	1	6	6	3.5
456	2	4	0	2	4	3	9	4	1	107	60	53	26	0	1	0	2	0	0	2	0	0	8	5	8	64	76	1	1	16.5
3397	4	5	1	0	0	0	1	8	1	12	29	1	12	1	1	1	1	0	14	1	7	0	2	26	20	3	0	1	3	5.5
2384	7	0	1	2	0	0	0	0	0	8	11	0	6	0	1	6	0	0	0	2	5	2	11	5	33	0	0	7	3	5
764	0	0	0	0	0	0	0	0	0	0	0	0	0	0	0	0	0	0	0	0	0	0	0	0	0	0	0	2	3	4
2091	3	0	0	0	1	0	0	1	10	9	30	5	22	7	0	0	1	0	0	1	3	0	1	2	4	26	6	5	6	10
2032	7	2	0	0	1	0	6	1	6	22	26	32	21	6	3	0	9	0	1	0	3	0	2	25	20	31	13	6	6	17
3091	6	4	1	4	1	1	0	2	0	33	31	1	22	2	1	1	1	0	2	0	11	0	3	33	76	0	0	7	3	12
1398	2	0	1	0	0	0	0	17	1	140	16	13	28	3	2	1	0	0	76	3	4	0	4	14	26	1	0	5	3	10
3375	1	3	1	0	0	0	0	7	1	27	35	1	12	1	2	0	2	0	10	0	3	1	3	22	53	3	0	1	3	5
3636	2	4	0	0	0	2	2	15	5	62	4	1	10	7	0	2	5	0	89	0	6	1	2	10	3	21	0	1	2	10.5
2488	9	0	0	1	0	0	0	0	3	20	20	3	15	8	0	1	0	0	0	3	9	1	6	3	35	0	0	7	3	10.185
330	0	1	0	0	0	1	4	1	1	6	24	13	1	0	0	0	0	0	0	2	0	0	0	4	1	46	18	7	5	8.5
3510	4	6	4	0	0	1	1	41	1	20	38	18	3	2	0	1	2	3	60	1	4	0	5	51	52	20	7	1	3	10.5
704	0	4	0	4	18	1	4	120	2	44	107	27	28	0	0	0	13	0	84	1	2	0	5	1	22	108	5	1	5	20
825	1	0	0	0	0	0	0	0	0	2	0	0	0	2	0	0	0	0	0	0	0	0	0	0	0	0	0	2	1	1
2216	0	0	1	0	0	1	0	1	0	1	3	1	2	1	0	0	0	0	0	0	0	0	3	3	8	2	0	7	6	2.5
648	9	0	0	12	3	4	3	9	3	73	59	9	48	0	0	2	1	0	79	1	9	0	8	21	11	40	0	7	5	21
1523	7	2	0	0	3	9	7	71	1	30	33	29	45	8	5	6	2	0	206	0	6	2	7	23	15	61	0	1	5	28.5
1704	6	0	0	0	2	0	0	0	5	33	57	30	40	0	6	0	0	0	0	2	14	1	2	1	0	10	14	1	6	16
1748	5	0	0	0	0	0	0	0	0	55	13	3	4	0	4	0	0	0	3	1	4	0	0	2	0	15	4	5	6	8.5
2312	0	4	1	0	1	1	2	3	0	7	22	32	14	0	0	0	4	0	2	0	0	0	9	14	16	28	6	6	6	5.5
802	0	0	5	6	2	2	8	27	1	47	53	6	57	1	8	1	0	0	1	7	14	1	12	1	8	14	0	7	5	21
3275	5	4	4	0	0	0	2	1	1	25	32	4	15	6	3	2	2	0	3	1	6	0	8	14	17	9	0	1	3	10
3618	3	3	0	0	0	0	1	1	1	34	12	9	1	16	1	0	8	1	27	0	1	1	1	8	2	14	0	1	2	9.5
2780	8	6	2	0	0	2	0	16	0	3	22	8	27	5	2	0	3	0	0	2	3	0	8	13	37	29	4	7	6	14
2392	1	0	0	0	0	0	0	0	0	5	16	1	11	1	0	4	0	0	0	2	0	0	7	4	27	0	0	7	3	5.31
371	3	0	0	2	1	1	1	0	1	2	19	4	0	0	0	0	0	0	0	0	2	0	3	1	2	25	15	7	5	8
1078	8	0	0	0	0	2	0	0	0	31	3	0	3	9	0	0	0	0	22	0	1	0	2	3	0	7	0	2	1	5.5
2699	1	0	1	1	0	1	0	0	0	7	13	3	8	0	2	1	0	0	0	0	3	0	11	1	4	0	0	7	6	5
3197	4	2	9	0	0	3	0	15	1	24	22	2	14	5	2	0	1	0	8	2	4	0	3	22	58	1	0	7	3	10.5
938	3	0	0	0	0	0	0	0	0	39	2	0	5	0	1	1	0	0	0	0	8	0	0	0	0	0	0	1	1	5.5
1517	0	0	0	0	1	2	0	1	0	6	6	4	13	1	2	0	0	0	12	0	0	0	1	0	1	8	0	5	1	3.5
2585	5	5	1	0	1	0	0	5	0	25	30	10	29	2	3	5	1	0	0	5	6	3	5	4	12	27	0	7	6	13.5
707	0	4	0	0	3	0	3	17	0	0	13	10	28	0	7	0	7	1	33	1	1	0	10	1	30	32	0	2	5	7
452	3	2	0	4	3	0	0	5	1	23	41	21	54	0	2	1	1	0	0	2	5	3	6	3	7	33	9	7	1	17.5
467	1	1	0	1	1	0	14	1	1	79	39	79	23	0	1	1	2	0	0	1	3	0	4	8	11	52	123	1	1	17.5
2990	6	3	2	0	0	1	2	7	4	16	59	15	44	0	1	3	1	0	5	3	7	4	1	21	19	18	10	5	6	18.5
1587	3	0	0	0	0	0	0	0	0	54	9	2	0	4	3	0	0	0	0	1	3	0	0	0	0	0	0	5	6	5
1888	4	0	1	1	3	0	1	0	4	26	22	51	49	15	9	0	1	1	0	1	5	0	8	4	16	50	13	5	2	15
2139	7	3	0	0	1	0	3	1	3	37	34	0	18	12	1	0	3	0	0	1	32	1	3	10	23	24	0	5	6	15.5
3726	0	1	1	0	1	0	1	37	4	11	6	1	9	6	0	1	5	0	23	0	3	1	3	29	40	12	3	1	2	8.5
3581	0	2	1	0	2	0	0	2	2	18	20	19	3	0	1	0	2	1	29	0	5	0	4	7	13	13	17	1	2	6.5
1737	2	0	0	0	0	0	0	0	2	20	0	3	0	1	1	1	0	0	0	1	2	0	0	1	1	1	0	3	6	2
1472	8	0	1	1	1	2	0	13	0	5	0	0	1	12	14	2	2	0	15	0	1	1	7	11	17	5	0	7	3	7.5
3073	5	2	0	0	0	3	5	17	8	6	17	11	10	15	0	6	13	0	24	0	2	0	12	47	12	27	1	5	6	22
3372	2	3	0	0	0	0	7	10	2	111	46	0	5	2	3	2	10	2	28	0	9	0	4	31	14	100	27	1	6	21
466	2	0	0	3	7	0	11	1	0	48	38	92	23	0	1	2	1	0	0	4	0	0	7	2	10	97	119	1	1	17.5
587	2	0	0	0	0	5	0	0	0	9	2	0	2	0	0	0	0	0	0	2	1	0	0	0	1	0	0	2	3	8
2179	7	0	0	3	0	0	0	2	0	14	21	0	24	2	1	3	0	0	0	1	16	0	6	4	49	0	0	7	3	10.5
2234	7	0	2	0	0	0	0	0	1	9	5	0	5	5	0	4	2	0	0	0	6	0	3	2	66	0	0	7	3	5.5
3608	2	0	0	0	2	0	3	1	3	18	17	6	6	1	3	0	2	6	9	0	5	0	2	15	15	9	27	1	2	10
810	0	1	0	0	2	0	7	0	0	0	5	0	0	0	0	0	3	0	6	0	0	0	0	0	0	8	0	4	5	5.5
3554	3	0	0	0	0	0	1	1	0	11	20	24	10	0	1	0	0	3	10	0	6	1	3	25	33	9	7	5	3	6
3338	3	2	1	0	0	1	0	13	1	8	12	0	6	5	1	1	0	0	13	0	2	0	2	20	35	0	0	7	3	6.125
2871	4	6	4	0	0	6	2	14	1	26	35	13	20	2	1	1	8	0	5	2	12	0	7	17	20	17	13	7	6	16
2422	0	0	0	0	0	0	1	0	3	7	19	15	8	1	3	2	3	0	0	0	2	0	1	10	7	42	4	7	6	8.5
1982	3	0	0	0	0	0	4	0	1	16	13	19	9	2	0	0	1	0	0	0	1	0	4	1	2	11	4	5	2	8
2154	0	0	1	0	0	0	0	7	1	8	11	0	7	0	1	1	0	0	18	1	1	0	6	2	2	0	0	5	6	3.5
3067	2	16	4	0	0	3	0	19	5	22	64	17	66	0	1	3	7	0	19	0	7	2	22	81	56	45	3	1	6	18.5
1602	0	0	0	0	0	1	0	0	1	2	8	4	0	2	1	0	0	0	0	0	4	0	3	1	1	5	0	1	6	5.5
1086	0	0	0	0	0	1	0	9	0	12	2	2	2	2	0	1	0	0	0	1	0	0	2	8	2	0	0	5	1	3.5
1869	0	0	0	0	0	1	1	0	1	30	1	0	0	13	0	1	0	0	0	5	4	0	2	9	5	1	0	5	6	6
2943	1	0	0	0	0	1	0	0	0	34	16	6	15	16	17	6	0	2	0	2	9	1	3	2	10	0	0	7	6	5.5
3162	14	4	7	3	0	4	1	20	0	36	67	2	23	11	3	3	8	0	14	5	16	1	8	43	108	0	0	7	3	16
2977	13	4	0	5	0	3	1	14	2	23	36	0	17	7	1	1	2	0	33	1	14	1	8	43	108	4	0	7	3	9.94
1260	0	0	0	0	0	0	0	0	0	3	0	0	0	0	0	0	0	0	0	0	0	0	0	0	0	0	0	2	3	2
2816	3	4	1	0	0	2	3	0	6	51	80	22	29	38	14	4	12	19	0	2	48	1	5	7	61	10	0	7	3	16.5
1844	2	0	0	0	2	0	1	0	2	17	12	6	50	0	5	0	1	0	0	4	3	0	5	1	7	8	2	5	2	8
2256	4	1	2	0	0	1	0	6	3	3	19	12	23	4	1	2	0	0	49	0	4	0	9	11	19	2	0	5	6	9
1780	0	2	0	6	1	0	0	13	0	0	2	0	2	1	5	0	0	0	4	0	1	0	6	12	35	0	0	1	3	6
3417	0	8	0	2	0	0	1	4	1	46	47	0	12	0	0	1	13	3	9	0	2	1	3	8	12	21	19	1	6	10.5
1377	0	0	0	0	0	0	0	0	0	0	0	0	0	2	0	0	0	0	0	2	2	0	0	0	0	0	0	5	6	1.5
487	0	0	0	0	0	0	9	0	0	18	10	11	8	0	0	0	2	1	3	0	0	0	0	7	3	15	31	1	1	6
126	0	0	0	0	0	0	0	0	0	0	0	0	0	0	0	0	0	0	0	0	1	0	0	0	0	0	0	6	5	0.5
2911	0	0	3	0	0	0	0	0	0	3	11	5	9	0	0	0	2	0	0	1	3	0	0	7	2	5	3	7	6	3.5
1356	0	0	0	0	0	0	4	17	1	0	4	3	5	0	0	0	1	0	10	1	0	0	2	9	2	3	0	2	6	2.5
2576	6	0	1	0	0	2	0	3	1	24	37	17	2	4	2	1	3	0	0	0	13	1	4	6	28	8	0	7	6	14
1722	20	5	0	1	0	1	1	52	0	49	138	19	121	0	8	12	0	0	94	0	20	1	35	57	156	0	0	7	3	30.5
688	2	0	0	2	0	0	5	0	0	8	16	22	51	0	0	0	0	0	7	0	9	1	3	1	3	35	0	1	1	14.000263103
304	1	0	0	0	1	1	0	2	2	2	14	7	5	0	0	1	0	0	0	4	5	0	1	2	1	21	2	7	5	8.5
3570	2	1	3	0	0	1	0	3	6	23	26	11	4	3	4	2	3	4	20	0	6	1	0	6	3	16	6	5	2	10.5
2455	0	0	1	0	0	0	0	3	0	8	4	0	3	0	0	4	0	0	2	1	1	0	2	5	19	0	0	7	3	2.25
2345	1	0	0	0	0	0	0	7	1	4	7	1	3	4	1	2	0	0	0	0	3	3	4	3	22	0	0	7	3	4.28
201	2	0	0	0	15	0	3	0	3	46	14	10	7	0	4	2	0	0	0	11	2	0	0	0	4	72	15	6	5	22
2611	10	0	1	3	0	1	0	1	0	26	20	1	24	2	2	8	3	0	2	2	14	0	3	11	77	1	0	7	3	10.5
1290	2	0	0	0	0	0	0	0	0	27	4	0	0	44	0	0	0	0	0	2	1	0	0	2	0	3	0	5	6	8
2786	5	4	8	1	0	3	0	22	3	23	51	13	40	3	2	2	0	0	0	5	13	6	16	24	70	1	0	7	6	20.5
192	6	1	0	0	3	1	0	0	2	208	31	13	8	0	7	1	1	0	0	2	27	0	2	1	5	66	0	6	5	22.5
1839	13	0	0	0	0	0	3	0	0	40	28	24	4	0	2	0	0	0	0	5	1	0	4	1	2	46	10	5	6	10.5
1732	5	1	0	0	1	2	0	0	0	49	40	0	16	1	0	0	2	0	0	10	1	0	4	2	3	25	0	1	6	18.5
3008	5	4	4	0	1	2	0	45	1	46	54	1	31	0	2	1	2	0	3	2	15	0	25	54	130	4	0	1	6	15.44
3209	0	4	1	0	0	0	0	6	0	19	13	9	6	0	0	0	2	0	5	0	1	0	3	11	4	3	13	7	6	7
513	4	24	0	7	3	0	20	17	0	17	35	59	25	0	5	0	48	0	420	11	16	0	24	9	29	108	75	1	5	28
840	3	0	0	1	0	0	0	0	1	6	4	4	8	0	0	0	0	0	0	0	2	0	1	0	1	8	1	7	1	3.0000055206
1122	3	0	0	0	0	0	0	5	0	17	3	0	8	0	3	1	0	0	8	2	4	0	3	4	1	0	1	1	1	5.5
836	2	0	0	0	0	0	0	20	0	7	3	0	0	2	1	0	0	0	1	0	1	0	3	7	3	0	0	5	1	5
3271	1	2	0	0	0	2	1	9	2	28	18	5	0	19	1	6	2	0	32	0	2	0	3	22	15	8	0	1	6	10.5
1492	2	0	0	0	0	0	0	0	0	61	17	0	16	3	0	0	0	0	0	1	1	0	0	1	2	0	0	5	6	5.5
2535	5	0	0	3	0	2	0	0	2	10	26	2	14	2	3	6	0	0	0	1	12	3	17	5	19	0	0	7	6	10
701	6	3	6	5	19	8	32	36	6	79	54	22	50	2	1	3	0	0	16	4	13	3	11	14	23	163	1	1	5	32
845	10	2	1	8	1	1	19	7	3	170	42	34	31	0	7	0	1	0	15	0	15	0	20	7	38	64	3	7	5	19.5
1810	8	0	0	2	1	1	0	9	1	20	51	13	33	6	3	11	2	0	0	0	19	1	13	8	55	6	0	7	3	17.5
1677	2	4	0	0	0	2	0	15	0	12	33	9	13	11	15	5	6	0	56	0	14	3	13	59	121	14	0	7	3	21
3486	4	4	6	0	0	3	1	17	1	63	26	0	5	5	0	7	12	7	329	0	2	0	11	31	14	70	8	1	6	18.5
200	0	0	0	0	1	0	0	1	0	6	0	0	0	0	0	0	0	0	0	0	0	0	0	1	0	3	5	6	5	1
2750	4	0	1	5	0	0	0	0	0	17	22	0	16	2	5	4	0	0	0	0	13	0	13	5	17	1	0	7	3	10.5
235	0	0	0	1	6	0	1	2	0	63	10	2	2	0	1	1	1	0	0	1	0	0	1	2	1	40	29	6	5	9
3406	12	0	2	0	0	1	0	28	0	7	20	0	3	0	1	0	0	0	3	0	15	2	9	13	49	0	0	5	3	10.5
177	9	0	0	0	2	0	2	0	0	41	14	2	5	0	1	1	0	0	1	23	4	2	0	0	5	52	0	6	5	12
3589	4	3	0	0	2	1	2	1	0	24	32	20	38	1	4	2	3	0	14	0	6	0	6	9	11	28	0	1	2	12.5
318	3	0	0	1	0	0	2	0	0	3	18	9	4	0	1	0	0	0	0	2	3	0	3	1	1	52	9	7	5	9
61	2	0	0	0	0	0	0	1	0	11	11	0	5	0	1	1	0	0	0	1	3	1	11	1	3	8	0	6	5	10
2110	0	0	0	0	0	0	0	0	0	0	5	0	0	1	0	0	0	0	0	0	0	0	0	0	3	0	0	6	6	0.5
996	5	0	2	1	1	10	4	0	1	79	34	6	64	0	0	0	0	0	84	1	21	0	9	4	8	57	1	1	5	19
1214	2	0	0	0	0	1	1	8	0	9	4	8	7	0	0	0	1	0	0	1	2	0	2	6	7	8	0	1	1	5
155	0	0	1	1	8	3	1	5	1	16	18	14	12	0	3	0	0	0	0	3	0	0	9	3	7	58	29	6	5	17.5
2226	9	0	0	0	0	0	0	11	0	16	18	0	25	0	3	3	0	0	0	1	15	0	20	9	74	0	0	7	3	10.5
465	0	0	0	1	0	1	21	2	0	101	76	51	24	0	0	1	4	1	0	3	2	0	9	2	7	96	74	1	1	18
55	3	0	0	0	1	0	1	3	0	3	8	2	7	0	2	1	0	0	1	2	5	1	3	2	5	7	1	6	5	9.5
1225	0	0	0	0	0	0	0	0	0	168	9	0	3	4	0	0	0	0	0	1	7	0	0	0	0	0	0	2	3	10
2339	5	1	0	0	0	0	0	2	0	2	7	0	6	0	1	5	0	0	0	0	8	0	1	4	21	0	0	7	3	5.5
2019	0	0	0	0	0	0	0	0	0	17	2	0	1	2	0	7	0	0	0	0	1	0	0	1	0	0	0	3	6	2.5
2336	3	2	0	0	0	0	0	7	1	7	15	0	14	0	0	4	0	0	0	0	5	0	3	7	49	0	0	7	3	5
2116	10	0	0	1	0	0	1	11	1	22	53	7	47	6	5	2	1	0	0	6	8	0	2	19	40	9	1	6	6	14.5
1875	1	0	0	0	0	1	0	0	0	4	0	0	0	17	0	0	0	0	0	0	4	0	4	2	2	0	0	5	6	2.5
3150	4	6	1	0	0	2	3	14	0	23	78	6	16	8	4	1	3	0	4	3	5	0	8	25	27	11	5	1	6	14.5
1963	5	0	0	0	0	0	0	0	2	0	0	0	0	25	0	0	0	0	0	0	1	0	0	0	2	0	0	5	6	2
1695	4	0	0	0	1	0	2	2	3	24	12	25	10	3	6	0	2	0	65	2	7	0	1	0	0	29	6	5	6	11.5
1437	0	0	0	0	0	1	0	2	0	5	6	0	1	1	0	0	0	0	0	0	0	0	0	0	2	0	0	5	6	2.5
1281	2	0	0	0	0	0	1	0	0	69	9	0	6	21	0	0	2	0	0	0	3	0	0	1	5	24	0	5	6	11
448	0	1	0	1	2	0	13	1	1	92	44	65	28	0	2	1	0	0	0	1	2	1	4	2	5	49	90	1	1	17.5
2550	7	0	4	0	0	2	0	7	0	23	22	0	4	2	1	2	1	0	0	2	7	2	4	26	100	1	0	7	3	10.25
2141	12	4	1	0	1	1	3	0	7	81	69	0	52	7	2	0	1	0	0	0	24	1	3	9	10	45	0	1	6	18
661	1	0	0	0	0	1	0	0	0	8	0	0	0	0	0	0	0	0	0	0	0	0	0	0	1	0	0	2	3	5
3005	4	3	1	2	2	0	0	2	0	20	29	5	9	21	3	1	1	0	0	0	8	0	9	13	39	7	1	7	6	10.625
1282	0	0	0	0	0	1	0	1	0	47	6	0	3	2	0	0	2	0	0	3	5	0	0	1	4	1	0	5	3	5
1336	0	1	0	0	0	0	0	0	0	7	1	0	5	2	0	0	1	0	0	0	4	0	0	2	3	0	0	2	6	4
3472	7	3	1	0	0	0	1	16	5	30	26	0	0	1	2	1	1	0	21	0	4	0	4	7	7	16	6	1	6	9.5
3072	2	1	2	0	0	2	7	27	7	11	22	27	97	17	0	9	14	0	31	0	1	0	8	12	6	43	4	1	6	20.5
85	0	0	0	2	3	3	0	13	0	11	10	1	5	0	2	4	0	0	1	8	6	2	14	13	3	27	0	6	5	11.5
2613	6	1	2	3	0	1	0	19	0	15	26	4	12	0	1	4	1	0	2	0	12	0	3	13	76	1	0	7	3	9
2818	3	1	9	0	2	1	3	0	2	37	92	27	6	2	3	7	13	18	56	0	19	2	8	29	95	19	0	7	3	16.5
389	2	0	0	0	0	1	0	4	0	3	21	10	6	0	0	0	0	0	2	1	5	0	4	2	3	59	5	7	5	11
2840	4	2	2	0	0	3	4	2	1	23	71	14	71	2	3	4	1	0	0	7	26	2	6	2	7	17	0	7	6	22
2093	5	0	0	0	0	0	2	0	1	1	26	0	22	4	0	0	0	0	0	2	3	0	1	2	1	1	0	5	6	6
3669	4	6	0	0	3	0	0	3	0	16	34	12	4	0	0	1	9	2	22	2	3	4	4	8	35	23	37	1	2	11
1352	1	0	1	0	0	0	0	19	2	16	3	5	6	0	0	0	0	0	13	1	1	0	1	8	4	0	0	5	3	5.5
3133	3	1	1	0	0	1	0	6	0	41	33	4	37	0	2	1	2	0	1	0	13	0	5	48	135	2	0	1	6	10
3103	0	0	0	0	0	1	1	2	1	6	16	5	5	0	0	0	2	0	3	0	0	0	4	6	6	4	0	6	6	4
953	3	3	0	6	2	2	26	76	0	48	55	34	41	0	6	0	3	5	0	0	16	0	29	11	16	150	89	1	5	26.5
3291	0	0	0	0	0	0	0	0	0	9	2	1	0	0	0	0	0	0	0	0	0	0	0	0	0	1	3	7	6	1
519	0	11	0	1	2	1	10	7	0	10	2	1	9	0	0	0	6	0	59	0	1	0	9	5	4	22	15	1	5	8.5
908	12	18	0	1	3	1	7	76	1	43	52	26	57	0	5	1	15	6	94	3	12	0	18	44	45	39	30	4	5	16.5
1007	0	0	0	1	5	5	70	15	1	27	32	50	16	0	1	0	3	0	0	1	7	0	7	2	2	115	58	1	5	28.5
272	0	0	1	0	0	0	4	1	0	2	8	9	4	0	2	0	0	0	153	7	2	0	9	3	0	48	57	7	5	8.5
2929	5	1	3	1	5	1	0	2	3	21	37	5	27	0	3	3	0	0	0	2	15	0	14	16	47	4	0	1	6	15.375
2229	7	0	0	3	0	1	0	2	0	24	14	0	32	0	6	10	0	0	0	1	13	0	7	5	37	0	0	7	3	10.5
3707	2	3	1	0	0	0	1	15	1	6	5	9	2	0	0	0	1	0	1	0	0	0	1	15	22	9	20	1	2	3
122	1	0	0	1	1	1	0	7	1	2	2	0	2	0	2	1	0	0	0	0	0	0	4	2	2	5	0	6	5	3.5
672	8	0	0	0	0	2	1	0	0	54	6	0	9	9	0	0	1	0	0	10	0	0	0	2	2	2	0	2	1	21
3228	1	2	2	0	0	0	0	2	3	17	9	6	4	1	1	4	0	0	10	0	2	0	3	9	19	0	0	7	3	4.5
1369	1	11	7	0	0	0	21	45	4	71	57	23	63	0	2	8	18	0	37	0	0	0	1	35	37	65	0	1	5	18.5
649	7	0	1	1	8	3	6	5	4	42	55	11	45	0	1	0	0	0	65	0	11	2	17	6	12	169	0	7	5	31.5
3545	1	5	1	0	0	1	1	2	0	12	34	35	19	0	0	1	2	2	37	3	4	0	2	37	33	5	14	1	3	10.5
1459	3	2	2	0	0	2	9	7	4	3	13	7	9	2	0	0	3	0	41	0	0	0	5	38	1	19	1	1	6	8
959	8	19	0	0	2	13	0	14	1	6	7	9	13	15	2	0	0	1	97	2	3	3	12	75	26	4	0	4	5	12.5
821	1	0	0	0	0	1	0	43	0	7	6	0	4	3	0	2	4	0	63	1	0	0	4	15	16	5	0	2	1	5.5
22	3	0	0	1	0	1	0	0	0	0	7	1	3	0	2	0	0	0	3	1	1	2	6	3	2	10	0	6	5	10
2948	2	7	6	0	0	0	0	11	0	5	35	5	7	1	0	3	4	1	21	0	0	4	8	12	22	17	4	5	6	7
2520	3	0	0	0	0	1	0	5	3	25	42	11	5	1	0	0	1	4	0	4	8	2	6	10	32	1	0	1	6	14.5
591	17	0	0	0	0	1	0	0	0	67	4	0	10	9	0	0	0	0	0	2	1	0	0	0	1	0	0	2	3	10.5
538	0	1	0	0	2	0	17	1	0	0	0	0	0	0	0	0	2	0	7	0	0	0	0	7	10	5	0	2	6	2.5
2274	2	0	1	2	0	0	0	0	0	4	10	0	6	6	0	0	0	0	0	0	8	0	3	2	35	0	0	7	3	4.5
2598	5	2	1	2	0	1	0	3	1	24	43	7	26	1	1	4	0	0	0	19	10	2	8	14	35	1	0	7	3	11
2076	12	2	1	0	0	0	0	15	0	41	37	13	28	0	6	2	0	0	0	0	11	0	6	12	89	0	0	7	3	11
676	3	0	0	0	0	0	1	0	0	18	1	0	0	2	0	0	0	0	0	4	1	0	0	0	0	43	0	2	1	10
69	3	0	0	0	4	2	0	29	0	4	10	0	12	0	0	1	0	0	2	2	0	3	17	17	9	6	0	6	5	12
1953	10	3	1	0	0	2	1	21	0	58	79	17	45	0	6	24	0	1	1	6	13	0	18	36	141	0	0	7	3	25
3023	0	17	19	0	0	1	8	0	0	53	71	12	27	0	12	4	7	1	31	1	13	0	21	72	75	6	0	7	3	16
3641	0	0	0	0	1	0	1	0	0	4	7	7	1	2	0	1	1	0	0	0	2	0	0	0	0	16	0	5	2	4
1427	0	19	2	0	2	1	23	16	0	151	123	32	7	0	7	1	20	0	40	3	2	0	3	28	23	105	47	1	5	24.5
2413	0	0	0	0	1	0	0	3	5	0	13	1	7	4	1	0	1	0	61	3	0	0	6	14	11	2	0	2	6	8.5
2347	12	2	3	5	0	0	0	32	0	36	32	4	28	4	3	7	2	0	5	0	16	10	10	46	169	0	0	7	3	17
3175	2	0	0	0	0	0	2	12	1	7	19	3	16	1	1	0	8	0	20	0	0	0	23	48	42	60	1	1	6	9.5
1997	0	0	0	2	0	0	0	0	0	5	3	0	2	2	0	1	0	0	0	0	0	0	1	0	0	0	0	7	3	1.5
1284	4	0	0	0	0	1	0	0	0	103	6	0	5	10	0	0	1	0	0	0	3	0	0	2	6	0	0	5	3	5.5
3090	8	2	8	1	0	5	0	16	0	16	46	3	27	5	1	0	3	0	4	5	10	0	3	31	112	1	0	7	3	17.385
1454	4	10	0	0	2	2	8	69	4	46	35	39	54	2	3	0	0	0	220	2	0	1	9	23	36	35	50	2	6	17
2237	6	1	1	2	0	0	0	2	1	18	10	2	9	0	1	7	1	0	0	0	2	0	2	14	44	0	0	7	3	5
1313	0	0	0	0	0	2	0	0	0	51	9	0	10	1	2	0	0	0	0	0	0	0	0	1	3	3	0	6	6	5
1601	1	1	0	0	0	0	0	0	0	15	24	3	22	1	2	0	0	0	0	3	1	0	4	6	7	6	12	5	6	7
3210	0	1	0	0	0	0	1	0	0	21	21	6	12	0	3	1	11	0	5	0	7	1	3	4	4	10	6	1	6	6.5
240	8	0	1	1	3	1	3	2	1	134	34	7	8	0	5	0	0	0	0	4	24	1	2	4	4	78	1	6	5	21.5
1657	1	0	0	0	0	0	1	0	2	15	14	16	9	2	0	0	0	0	0	6	3	0	4	0	2	16	15	1	6	7
2379	2	0	1	1	0	0	0	2	2	0	23	3	14	0	2	2	0	0	0	0	2	0	6	4	16	1	0	7	6	5
723	3	0	0	0	1	0	0	3	0	1	2	0	2	1	0	0	0	0	1	1	0	0	0	2	1	0	0	2	1	5
1542	1	0	0	0	0	1	0	0	0	8	2	1	0	0	1	0	0	0	0	0	0	0	1	2	1	0	0	5	6	1.5
2190	5	2	0	2	0	0	0	9	0	8	13	0	4	0	0	5	0	0	0	0	5	0	6	14	26	0	0	7	3	5
2218	0	1	0	1	0	1	2	3	4	17	15	12	7	0	2	1	1	0	0	2	0	0	3	22	17	44	15	5	6	14
1164	1	0	0	0	0	0	0	26	0	26	7	0	7	1	2	1	0	0	16	0	4	0	3	18	20	1	0	1	1	5
3361	1	1	1	0	0	0	0	31	0	5	9	0	5	3	0	0	0	0	1	0	3	0	0	18	27	0	0	7	3	5.5
3254	3	2	1	1	0	1	2	6	0	24	19	15	18	7	0	1	1	0	7	2	5	3	0	11	22	0	0	7	3	8.19
1123	3	0	0	0	0	1	0	0	1	29	8	0	4	4	2	2	0	0	11	1	2	0	4	10	10	1	0	1	1	5.5
1971	1	7	0	0	0	5	9	46	3	2	24	42	19	6	2	0	8	0	12	4	5	0	19	44	38	36	3	5	6	18
949	1	0	0	0	10	5	11	1	0	37	26	17	14	0	0	0	0	0	108	0	6	0	9	0	0	120	12	7	5	18.5
3685	3	2	0	0	0	0	0	9	0	8	5	5	5	0	1	0	0	1	15	1	4	0	0	4	11	7	4	1	2	4.19
2628	5	5	3	1	0	0	5	37	8	10	48	12	70	0	2	0	7	0	42	0	10	4	16	41	97	15	2	6	6	14
1083	1	0	0	0	0	0	0	1	1	21	7	0	1	1	0	0	0	0	0	1	0	0	1	0	0	8	0	2	3	5
2470	6	0	0	0	1	0	0	1	0	3	8	2	0	0	2	0	0	5	0	0	5	0	5	6	9	2	0	7	6	7
3121	2	9	1	0	0	1	0	45	1	2	14	4	3	28	0	0	4	0	6	0	0	0	3	36	69	18	0	1	6	7
1812	11	5	2	2	0	1	0	20	0	14	58	4	42	2	2	9	0	0	7	2	35	1	29	36	124	0	0	7	3	23
1518	2	0	0	2	0	1	8	0	1	8	25	21	12	0	3	0	0	1	0	0	4	0	4	0	10	31	0	1	1	10
2639	6	4	3	0	3	1	0	0	0	9	21	5	18	1	0	0	0	0	0	0	4	0	6	1	3	18	0	7	6	7
2389	7	0	0	1	0	0	0	0	0	21	6	0	2	8	1	1	0	0	0	0	6	1	1	1	34	0	0	7	3	5
1986	8	0	0	0	4	0	4	0	3	43	51	46	50	2	4	2	1	0	0	7	14	0	20	7	5	83	23	5	2	28
525	0	14	0	0	2	0	22	17	0	2	7	28	7	0	0	0	13	0	217	2	6	0	2	2	12	74	63	2	5	29
144	1	0	0	1	0	2	1	11	0	1	3	2	0	0	0	0	0	0	0	2	1	0	2	4	1	9	2	6	5	3.5
3453	2	0	0	0	0	2	2	5	3	24	18	0	5	5	1	1	3	1	14	0	2	1	5	12	7	25	5	7	6	13
1993	0	0	0	0	1	0	4	0	3	0	4	5	1	0	0	0	0	0	0	0	0	0	1	1	1	12	1	3	6	3
1615	5	0	1	1	8	0	2	1	3	48	79	60	75	0	7	0	0	0	0	3	8	0	13	3	2	34	11	5	2	25
1958	1	0	0	0	0	0	1	5	1	2	7	0	20	0	0	0	1	0	1	0	1	0	3	21	16	0	0	7	3	3.5
2390	3	0	1	2	0	0	0	6	0	41	22	3	17	2	1	3	0	0	0	2	10	1	4	5	41	3	0	7	3	9.5
1057	3	1	1	0	1	0	19	3	0	61	24	24	7	0	3	0	5	0	0	11	2	1	11	0	11	80	9	1	5	18
3024	0	0	2	0	0	0	0	2	0	0	2	0	2	0	0	0	2	0	3	0	0	0	0	2	4	1	2	3	6	0.5
3595	1	0	0	0	0	0	3	0	1	15	13	11	7	1	0	0	2	1	32	0	2	0	1	9	6	18	19	1	2	5.5
1912	1	0	0	0	0	3	0	2	1	27	4	0	1	4	0	0	0	0	0	5	4	0	2	5	0	5	0	5	6	5.5
2588	14	0	2	0	0	0	3	7	3	24	31	5	27	3	3	5	0	0	0	1	9	10	9	6	26	7	0	7	6	16
2304	6	0	0	0	2	0	1	4	3	7	36	5	14	1	0	3	0	0	0	0	8	1	5	6	13	10	6	5	6	12.5
3367	13	3	0	1	0	1	2	0	5	101	23	0	11	12	3	8	4	3	4	3	7	0	1	2	8	44	24	1	6	18.5
1785	0	0	0	0	0	0	0	1	0	8	2	0	0	10	0	0	0	0	0	2	0	0	1	3	2	3	0	3	6	4
1935	4	0	0	0	0	0	2	0	1	14	17	14	8	5	0	0	0	0	0	2	0	1	2	1	0	10	10	5	2	6
1387	2	6	0	0	0	8	9	3	0	64	15	0	7	6	3	2	4	0	0	8	5	0	10	9	25	32	0	5	6	18
854	0	2	0	0	0	0	1	52	0	0	0	0	1	0	0	0	1	0	19	0	0	0	7	14	2	1	0	4	5	4
151	2	1	0	0	1	0	0	20	0	4	2	0	0	0	1	0	0	0	7	1	0	0	7	13	10	6	0	6	5	4.5
1470	4	6	11	0	1	1	3	87	0	38	30	23	33	17	0	22	0	0	140	1	6	3	4	26	49	5	0	1	1	16.5
3633	0	4	0	0	0	0	0	1	3	6	0	0	0	0	0	0	2	0	5	1	0	0	3	4	8	0	0	3	6	1.5
2238	5	0	2	2	0	0	0	6	0	30	18	0	9	4	3	8	0	0	0	0	14	1	4	18	91	0	0	7	3	10
1826	0	0	0	0	0	0	0	0	0	3	4	0	0	4	0	1	0	0	0	0	1	0	0	0	0	1	0	5	6	2
1127	2	0	0	0	0	1	0	13	0	8	4	1	3	0	1	1	0	0	14	0	0	0	1	0	8	0	0	2	1	4
3427	1	4	1	0	0	1	0	16	0	2	16	0	5	0	1	0	0	0	4	0	2	0	3	14	16	0	0	1	3	4.5
3371	0	0	0	0	0	0	1	0	0	3	5	0	2	0	0	4	3	0	20	0	0	0	2	12	6	2	0	1	6	6
1044	2	0	0	1	0	1	0	12	3	46	4	3	2	3	0	2	0	0	36	1	0	0	2	13	12	5	0	1	1	8.25
3690	3	3	0	0	0	1	1	11	1	19	5	9	6	1	0	2	1	1	29	0	1	0	2	11	14	24	5	1	2	5
422	4	0	0	0	0	0	0	2	3	21	33	22	59	0	7	2	0	0	0	2	4	0	7	7	2	21	0	7	5	17.5
2305	2	3	2	0	0	0	1	24	6	22	25	18	41	1	4	0	3	0	14	0	12	0	9	11	37	8	3	5	6	15.5
282	0	0	0	0	0	0	0	1	1	3	0	0	0	0	0	0	0	0	0	0	1	0	0	0	0	11	0	7	5	3
1850	6	0	0	0	1	0	4	1	0	32	31	47	12	3	3	0	0	0	0	0	3	0	10	9	7	50	27	7	2	17
909	2	14	0	0	2	9	13	35	2	3	30	18	32	0	10	2	8	0	113	5	14	0	7	38	57	41	92	4	5	18
681	2	0	0	0	0	0	0	1	0	40	7	9	2	7	0	0	0	0	1	6	1	0	0	0	0	49	0	2	1	10.5
497	0	2	0	0	15	1	31	35	0	0	2	54	8	0	0	0	30	0	152	0	0	0	19	41	31	63	73	2	5	28
2836	9	3	4	2	0	1	1	19	7	23	44	12	12	8	0	8	6	0	28	4	16	1	4	55	47	13	6	7	6	14.5
3143	5	7	2	0	0	4	1	34	4	32	24	16	71	20	1	9	18	0	30	0	2	0	16	73	65	63	2	1	6	22.5
263	16	0	0	1	2	0	3	0	2	21	60	14	14	0	0	1	2	0	1	2	7	0	7	2	2	105	25	7	5	23.5
911	2	20	0	13	0	3	29	112	1	24	82	31	22	0	11	6	7	0	181	7	15	0	14	36	46	158	12	1	5	25
1529	0	0	0	0	0	2	3	0	0	7	7	0	9	1	0	0	5	0	0	0	0	0	1	1	1	15	0	5	6	8
204	5	0	0	0	4	0	0	2	4	191	15	6	8	0	4	0	1	0	7	4	19	1	1	5	4	81	0	6	5	22.5
639	5	0	0	0	0	0	0	0	0	36	6	0	1	11	0	0	0	0	0	2	2	0	0	1	0	7	0	2	1	5
1793	3	0	0	0	1	0	3	0	2	17	14	14	4	3	1	0	0	0	0	3	3	0	2	0	0	28	23	5	6	8.5
1407	1	1	0	0	2	1	2	1	1	2	26	14	3	1	2	0	0	0	0	0	2	0	15	6	2	26	2	1	1	12.5
2252	9	0	0	0	0	0	0	0	17	15	38	16	40	9	0	0	2	0	0	0	11	0	3	7	9	8	0	5	6	21
2294	6	10	3	0	1	0	1	133	3	8	42	21	60	2	1	1	7	0	1	0	7	1	37	98	65	36	0	6	6	14.5
437	0	4	0	0	1	0	2	2	0	87	46	69	41	0	0	2	0	0	0	0	0	0	3	0	0	48	98	1	1	17.5
3337	3	2	4	0	0	0	0	17	1	2	22	0	9	3	0	0	1	0	3	1	6	2	7	18	39	0	0	7	3	10
2925	10	0	1	0	2	1	2	1	6	21	39	8	13	87	4	8	1	2	0	4	7	1	6	3	7	18	1	1	6	17.5
1907	10	1	3	0	0	7	0	33	0	45	46	7	35	0	7	22	2	0	2	3	21	1	9	39	137	0	0	7	3	20
3698	3	1	0	0	0	1	0	20	1	23	11	0	1	0	0	0	1	0	33	0	5	0	1	11	7	5	4	7	2	5
24	8	0	0	1	0	2	3	17	1	18	14	0	14	0	6	11	2	0	4	1	5	5	18	9	8	8	0	6	5	13.5
2298	8	1	3	0	2	0	7	1	15	10	45	0	59	8	0	4	3	0	0	6	1	0	10	32	10	14	0	2	6	22.5
327	2	0	0	1	2	3	2	16	0	5	11	8	5	0	0	0	0	0	110	0	1	1	15	7	6	20	80	7	5	8.5
1418	6	26	0	1	0	6	1	63	1	91	67	4	62	23	12	15	7	0	62	5	7	3	6	36	70	32	0	1	5	17.5
1559	16	0	0	0	2	6	3	1	1	13	61	50	9	7	5	0	0	0	0	2	10	2	16	3	14	20	5	1	6	17
2184	3	0	2	0	0	1	0	2	0	9	11	0	4	0	0	3	0	0	0	1	3	0	7	4	38	0	0	7	3	5
2980	7	3	0	6	1	1	0	1	0	62	26	6	18	9	8	2	4	0	8	1	11	0	3	51	149	1	0	7	3	10.5
1326	1	0	1	1	0	0	1	14	1	16	8	6	16	0	1	0	0	0	59	0	3	0	0	10	13	0	0	1	3	5
3498	2	0	0	0	0	1	0	0	7	9	15	0	1	16	0	7	2	2	8	0	0	0	0	5	7	16	4	1	6	13.5
2567	2	9	5	0	0	3	2	12	1	1	34	3	25	0	15	1	14	23	18	0	22	7	36	65	128	2	0	1	3	14.4
687	6	0	0	3	0	6	7	0	2	15	39	29	57	0	4	0	1	0	1	4	5	0	10	1	8	40	20	1	1	16.9882115192
1807	3	0	2	0	0	0	1	0	3	60	41	30	35	2	3	2	0	0	0	0	1	0	3	3	8	39	13	7	2	18
756	1	2	0	4	0	13	2	45	1	6	10	1	20	28	2	1	5	0	120	0	20	3	14	50	57	2	0	1	5	14
576	5	0	0	7	12	7	13	46	0	151	82	37	58	0	0	5	0	0	241	28	15	1	7	7	31	143	88	1	5	31.5
3160	17	1	5	2	0	0	1	6	9	33	31	2	15	6	4	0	4	0	4	2	12	0	1	12	75	2	0	7	3	10.5
1556	6	2	3	0	2	3	0	63	8	54	52	19	90	1	8	0	0	0	153	7	27	0	14	34	45	5	4	1	6	21.5
3362	6	2	2	0	0	0	0	32	0	13	19	4	7	3	1	2	0	0	11	0	4	1	5	25	38	2	2	7	3	8.81
3713	3	1	0	0	1	1	0	11	6	47	14	0	5	11	0	1	2	0	31	0	5	0	7	19	12	20	0	1	2	10
1979	9	0	0	0	0	0	1	0	2	36	22	21	41	2	2	0	2	0	2	3	9	0	4	6	3	22	2	3	6	15
2451	9	1	0	0	0	1	0	6	1	7	12	0	5	0	3	4	0	0	0	0	7	1	2	7	36	0	0	7	3	5
2901	13	0	1	2	0	5	1	13	0	37	60	14	15	5	1	7	1	0	4	1	9	0	10	29	73	11	3	7	3	14
2884	8	0	1	2	1	2	2	0	1	10	47	5	30	0	4	2	0	0	0	9	7	0	6	0	8	4	6	1	6	11.5
515	0	10	0	0	5	0	11	23	0	0	15	36	14	0	0	0	19	2	95	2	0	1	13	1	0	46	63	2	5	18
2456	1	0	0	0	0	0	0	0	0	9	49	6	48	1	3	0	2	3	0	0	26	1	2	4	7	0	0	1	6	7
1514	2	0	0	0	0	0	2	0	0	27	22	14	22	3	4	0	0	0	0	5	6	0	5	3	0	16	1	1	1	9
1604	5	0	0	0	0	2	6	1	0	16	27	10	47	0	3	0	0	1	1	3	9	0	8	3	8	0	0	1	6	10
3422	9	5	2	1	0	2	0	23	0	17	33	11	17	2	5	1	3	0	19	0	16	0	6	34	67	0	0	5	3	10.5
1949	2	0	0	1	0	0	0	1	0	5	5	1	19	7	0	3	0	0	0	0	12	0	7	3	7	0	0	7	3	4.7
2100	1	0	0	0	0	0	3	0	0	0	2	8	4	0	0	0	2	0	0	0	0	0	0	3	2	10	4	5	6	6
3700	0	0	0	0	0	0	0	2	0	4	0	0	0	0	0	1	0	0	0	0	0	0	0	1	1	0	0	1	2	0.5
2370	3	1	2	0	1	0	3	3	3	33	43	14	11	1	3	3	1	2	0	2	6	0	4	20	32	55	0	1	6	13
3016	5	6	1	0	0	2	0	5	0	55	18	5	11	11	3	0	1	0	7	1	10	0	9	37	104	2	0	7	3	9
3395	0	5	0	0	0	1	7	9	4	73	35	0	2	5	0	3	4	0	27	0	1	0	5	14	15	175	17	1	6	20.5
3114	2	2	1	0	0	3	10	2	8	23	55	20	6	18	3	4	8	1	3	0	8	2	4	10	7	57	24	1	6	19.5
2607	2	0	1	0	0	0	0	5	0	2	1	0	4	8	2	0	2	0	0	0	2	1	1	4	9	0	0	7	3	2.5
1955	5	1	0	1	0	1	0	5	0	27	20	8	19	37	2	4	0	0	1	0	8	2	5	23	110	2	0	7	3	12
2623	0	9	2	0	0	5	0	0	0	8	8	2	17	2	21	0	10	8	13	0	6	6	33	69	46	1	0	1	3	11.15
2804	4	0	2	2	2	0	0	2	1	16	21	7	11	4	2	1	0	0	0	2	13	2	4	11	59	2	0	7	3	11.685
931	1	0	0	0	1	1	0	1	0	44	0	0	1	1	0	0	0	0	0	2	0	0	0	0	1	10	0	2	1	5.5
1951	6	0	0	0	0	0	0	6	0	1	16	6	3	108	1	3	0	0	0	1	5	0	5	1	15	0	0	7	3	5.5
1493	3	0	0	0	0	0	0	0	0	49	7	0	8	0	3	0	0	0	0	0	0	0	1	2	2	4	0	5	6	5.5
2545	4	0	3	0	0	0	0	2	0	13	22	0	11	0	1	8	2	0	0	2	5	1	10	6	37	0	0	7	3	5.81
143	2	1	0	1	0	0	0	24	0	2	4	1	2	0	0	0	0	0	18	0	0	0	8	17	4	4	0	5	5	7.5
2863	0	3	9	0	0	8	1	0	2	60	73	36	28	20	27	23	6	30	9	0	30	5	33	72	99	5	0	1	3	19
2127	2	1	0	1	0	0	0	0	0	17	14	0	33	10	0	0	0	0	0	0	15	1	6	3	9	0	0	7	3	7.9
571	3	0	0	0	0	0	0	0	0	21	8	0	0	27	1	0	0	0	0	3	0	0	0	2	0	46	0	2	1	5
2617	6	0	3	1	0	19	0	0	1	3	30	2	25	32	50	3	5	1	2	0	36	32	49	59	185	0	0	7	3	16.5
2985	1	20	6	0	2	4	4	1	0	23	63	9	25	23	14	1	11	1	9	1	19	1	13	82	70	1	0	7	3	12
603	3	0	0	0	0	0	0	0	0	24	1	0	0	8	0	0	0	0	0	0	0	0	0	1	1	2	0	5	1	5.5
3565	2	0	1	0	1	0	1	1	0	4	16	12	7	0	1	0	1	0	4	1	1	0	4	6	15	4	2	1	2	3
819	0	0	0	0	0	0	0	3	1	19	2	0	15	1	0	0	0	0	1	0	1	0	1	2	3	0	0	2	1	4
508	0	5	0	0	7	0	3	8	0	0	0	16	2	3	1	1	9	1	15	0	0	0	0	3	8	0	0	4	6	5.5
502	5	0	0	2	2	0	14	2	0	5	30	29	16	0	0	0	16	0	72	1	8	0	4	1	25	40	78	1	5	14
917	5	0	0	0	0	1	0	0	0	50	0	0	8	4	0	0	0	0	1	2	0	0	0	0	0	0	0	2	3	5.5
3056	0	6	0	1	0	1	0	9	1	21	31	5	31	1	1	5	3	0	17	0	1	0	8	23	46	10	0	1	3	8
3186	1	4	1	0	0	1	0	39	0	9	22	1	3	56	0	5	9	0	14	0	4	1	10	21	43	26	3	1	6	10.5
3541	4	1	1	0	0	0	1	5	0	10	30	22	15	4	2	0	1	3	29	0	4	0	2	35	20	25	1	1	3	7
1183	1	0	0	0	0	0	0	0	0	2	3	0	3	5	0	0	1	0	0	1	1	0	0	0	0	3	0	2	6	4
2383	5	0	2	4	0	1	0	4	0	23	31	1	39	0	4	6	0	0	0	1	11	3	26	30	115	0	0	7	3	15
2342	5	1	0	2	0	0	0	2	0	12	4	0	10	9	0	1	0	0	0	0	6	0	0	5	53	1	0	7	3	4.81
853	0	0	0	5	5	6	7	8	0	5	9	3	5	0	0	0	0	1	6	0	0	0	3	0	4	33	1	4	5	10.5
1446	3	0	0	0	0	1	1	0	1	36	5	0	6	2	0	1	0	0	0	1	1	0	0	0	0	2	0	5	6	3.5
100	3	0	0	0	1	0	2	51	2	3	8	2	7	0	0	1	0	0	3	1	2	3	25	28	6	9	0	6	5	9.5
3596	1	0	1	0	2	0	0	0	0	3	3	5	1	0	0	1	1	0	57	0	1	0	0	1	4	4	7	1	2	3
512	0	16	0	2	12	0	13	14	0	6	25	21	25	0	0	0	20	0	52	2	14	0	18	1	1	82	50	1	5	19.5
2266	0	0	1	0	0	0	0	0	1	4	3	0	0	0	0	0	0	0	0	1	0	0	4	1	4	0	1	6	6	2.5
257	5	0	0	0	3	0	1	0	3	21	35	15	3	0	5	0	0	0	0	6	4	0	0	1	3	48	0	6	5	15
1891	0	0	0	6	1	0	14	0	1	44	35	64	29	0	4	1	0	0	0	7	12	0	11	8	9	72	40	1	2	20.5
2899	5	4	2	1	0	1	0	6	0	33	17	1	27	2	1	3	0	0	6	0	7	0	7	19	87	0	0	7	3	10.5
947	5	1	0	0	0	1	11	13	2	130	40	24	44	0	0	0	2	0	197	2	17	0	17	26	1	65	57	2	5	20.5
10	2	0	0	0	1	3	5	7	1	1	4	1	9	0	4	2	1	0	77	3	0	0	11	6	0	5	0	6	5	12.5
2080	3	2	0	0	4	1	0	43	1	22	2	0	2	8	0	0	8	0	6	2	3	0	4	11	10	2	0	1	6	7
2788	17	8	2	2	1	4	1	6	1	18	31	3	29	3	2	5	2	0	0	2	12	1	17	21	37	0	0	7	6	18.5
1818	6	9	2	4	0	3	0	50	0	38	65	14	18	4	4	9	5	0	3	0	12	1	30	85	167	0	0	7	3	20
805	0	3	0	0	2	3	24	50	7	12	48	14	22	0	0	0	5	0	27	4	2	0	20	5	40	125	19	1	5	22
3206	0	0	0	0	0	0	0	10	1	2	4	0	2	5	0	0	3	0	1	0	0	0	1	1	4	0	0	7	6	2
1077	5	0	0	0	0	0	0	1	0	28	5	0	3	0	2	0	0	0	0	1	0	0	0	1	0	0	0	1	1	5
1857	18	3	4	5	0	3	1	19	1	41	58	10	69	3	1	18	0	0	2	0	44	1	11	19	175	0	0	7	3	29.5
2522	1	0	0	0	0	0	1	0	0	0	7	3	19	3	0	0	1	2	0	1	4	0	6	6	18	3	0	7	6	4.5
2781	2	1	3	0	0	0	0	7	0	6	17	1	4	0	1	0	0	0	0	1	4	0	5	5	8	0	0	7	6	6
152	2	0	0	0	0	0	0	2	0	0	0	1	1	0	0	0	0	0	0	0	0	0	0	0	0	1	0	7	5	1
281	1	0	0	0	0	0	0	0	0	0	4	0	1	0	0	0	0	0	4	0	1	0	0	1	0	9	0	7	5	2.5
3088	5	2	5	6	0	1	2	7	1	22	32	0	15	9	3	0	2	0	17	2	9	0	2	27	80	0	0	7	3	10.5
3660	4	0	1	0	0	0	0	2	1	13	10	0	2	1	0	0	4	0	0	0	2	1	0	4	5	8	0	7	2	3.5
855	0	0	0	0	0	0	11	9	0	0	0	0	0	0	0	0	2	0	23	0	0	0	6	28	0	7	0	4	5	10
3145	5	5	2	0	0	1	5	17	3	22	25	10	14	24	0	14	15	0	10	0	5	1	8	35	39	32	9	1	6	23
809	1	13	0	0	26	0	57	11	0	0	7	0	0	0	5	0	17	0	50	0	0	0	8	16	0	74	39	4	5	15.5
1010	0	0	0	0	0	0	1	0	0	5	1	1	0	0	0	0	0	0	0	0	1	0	1	0	0	2	41	1	5	2
793	0	0	0	0	0	0	0	0	0	0	1	0	2	0	1	0	0	0	0	0	0	0	0	0	0	7	0	7	1	1.9673954685
376	0	1	0	0	0	3	2	1	0	6	38	10	3	0	0	1	0	0	20	1	9	0	8	6	2	46	17	7	5	13
1463	4	1	2	0	1	0	0	0	2	8	29	20	21	4	1	0	0	0	4	0	8	0	3	5	11	17	6	7	1	10
3668	3	6	4	0	2	0	2	8	0	36	20	8	4	1	0	4	1	2	28	0	1	1	1	9	18	25	49	1	2	9
2926	6	1	1	0	2	0	5	3	2	29	38	18	26	15	1	4	3	0	0	6	10	5	6	0	3	14	5	1	6	16.5
2133	3	1	2	1	0	1	0	4	0	12	10	0	9	0	3	3	0	0	0	2	6	3	8	9	49	1	0	7	3	5.75
3629	2	0	0	0	0	1	0	0	2	16	10	4	1	1	0	0	0	1	13	0	0	0	1	7	2	12	29	1	2	4.69
2016	3	0	0	0	0	0	0	0	0	1	0	0	0	79	0	1	0	0	0	0	0	3	8	0	5	0	0	7	3	7
3085	1	20	1	1	4	0	0	115	0	3	38	11	9	0	1	2	5	0	10	0	1	0	9	49	112	66	0	1	6	12
1526	4	13	0	0	3	5	6	99	0	52	27	9	29	0	7	2	9	0	67	2	0	2	4	11	30	38	3	1	5	20
331	0	0	0	0	1	0	4	0	0	13	5	3	2	0	0	0	0	0	0	1	0	0	0	0	0	31	51	7	5	8.5
2210	3	0	0	0	0	0	12	0	4	6	9	13	35	0	1	2	1	0	19	2	0	0	6	4	5	28	3	1	6	16.5
2223	5	2	4	0	0	1	0	4	4	4	29	3	25	0	5	0	0	0	0	0	3	2	1	21	39	0	0	7	6	6.5
913	0	0	0	0	0	0	0	0	0	1	0	0	0	6	0	0	0	0	0	1	0	0	0	1	0	0	0	3	6	2
315	2	0	0	0	0	0	2	0	0	1	9	3	1	0	0	0	0	0	0	1	0	0	4	0	1	21	29	7	5	5
1581	0	0	0	0	0	1	5	0	0	76	23	0	19	3	1	0	0	0	0	1	1	0	1	7	3	19	0	1	6	11
2932	2	5	2	0	3	2	0	24	1	34	40	3	11	1	4	2	5	0	0	2	7	1	6	24	67	14	0	1	3	8.75
3352	3	2	2	0	0	0	0	11	2	14	13	0	12	0	1	2	0	0	3	2	0	1	4	23	49	1	0	1	3	5
374	3	0	0	0	1	0	0	0	1	5	16	6	3	0	0	0	1	0	0	1	6	0	2	3	5	55	13	7	5	10.5
231	1	0	0	0	4	0	4	0	0	13	8	5	7	0	0	1	0	0	18	1	2	0	9	2	1	35	80	7	5	11
3343	3	1	0	0	0	1	6	1	5	61	25	21	2	58	0	7	9	0	2	0	2	0	3	8	3	32	17	7	6	19
741	5	0	0	2	2	0	4	1	1	67	28	13	41	0	0	0	0	0	0	2	9	0	6	0	3	70	19	1	1	16.003641981
270	0	1	0	0	0	1	2	8	0	14	11	4	2	0	1	0	0	0	83	9	2	0	4	4	4	46	40	7	5	8.5
170	0	0	0	0	0	0	0	2	0	3	1	2	0	0	0	0	0	0	1	0	0	0	2	3	0	0	0	6	5	1.5
1027	0	0	0	0	0	1	0	0	0	21	5	0	0	7	0	0	1	0	0	1	1	0	0	1	0	14	0	5	1	5
3140	2	6	0	3	0	1	1	21	0	3	18	12	18	1	0	0	23	0	19	0	4	1	6	30	36	42	0	5	6	10.5
473	0	0	0	0	0	0	3	0	0	0	1	1	0	0	0	0	0	0	1	0	0	1	0	0	0	0	1	2	5	1
1978	0	0	0	0	2	0	4	0	1	12	27	16	18	7	0	2	0	0	1	1	5	1	1	6	3	30	6	5	6	9.5
1206	1	0	0	0	0	1	1	9	1	33	15	2	16	0	4	2	0	0	52	1	2	0	7	15	32	0	0	2	1	9
3489	3	1	0	0	0	2	0	3	0	2	13	2	12	0	1	0	0	0	13	0	1	0	4	7	16	0	0	1	3	5.5
2418	0	0	0	0	0	0	1	2	1	2	7	1	1	2	0	0	0	0	0	0	0	0	0	5	5	9	0	6	6	5
3487	0	0	0	0	0	0	0	4	1	19	2	0	0	0	0	0	0	0	0	0	2	0	0	0	0	1	0	2	6	3
333	1	0	0	0	1	0	6	0	0	3	17	7	1	0	0	0	0	0	0	1	1	0	1	0	0	43	29	7	5	8.5
78	5	0	0	0	0	1	0	5	3	5	20	2	8	0	7	3	0	0	0	3	1	3	1	3	6	8	0	6	5	14
3347	6	2	0	0	0	2	2	22	4	53	18	0	8	33	2	16	4	0	20	0	0	0	4	11	25	23	1	1	6	20.5
1847	5	0	0	6	2	0	2	0	0	66	24	48	29	1	3	0	0	0	0	3	6	0	8	2	6	54	20	1	2	19
490	0	3	0	0	1	2	4	1	1	13	27	16	15	0	0	2	1	0	0	4	1	1	2	2	7	27	34	7	1	10
3276	7	1	1	0	0	0	1	3	0	31	33	0	19	4	2	1	0	0	8	5	8	0	12	18	40	4	0	1	3	10.5
3454	1	3	1	2	0	0	7	5	3	55	23	0	0	1	0	2	1	1	8	1	2	0	4	5	8	32	24	1	6	9.5
901	5	0	0	2	7	4	19	25	2	56	63	25	56	2	6	1	0	7	0	3	44	1	22	20	29	83	47	7	5	27.5
114	0	0	0	0	0	1	0	5	1	0	2	0	0	0	0	0	1	0	166	0	0	0	1	2	0	1	0	6	5	3
225	12	0	0	0	2	0	5	1	3	11	46	26	16	0	1	0	2	0	2	3	21	0	0	5	4	91	18	6	5	24
40	5	0	0	0	0	0	1	10	0	7	10	2	8	0	3	0	0	0	39	0	6	0	10	8	0	12	0	6	5	11
1331	0	2	0	0	7	0	18	23	0	6	20	18	5	0	0	0	2	0	15	3	0	0	3	7	17	33	0	1	5	9.5
619	0	0	0	0	0	0	1	0	0	0	0	0	0	0	0	0	9	0	20	1	0	0	0	7	0	0	0	4	5	6
1408	5	0	0	0	11	1	4	7	7	30	45	47	28	10	7	3	0	0	49	6	1	0	12	8	5	59	6	1	1	17
3032	2	4	1	0	0	0	2	8	1	4	14	10	10	5	0	3	12	0	6	0	1	2	3	12	16	20	8	1	6	8.5
637	1	0	0	0	0	0	0	0	0	40	2	0	0	6	0	0	0	0	0	2	3	0	0	0	0	0	0	2	1	6.5
1834	4	4	2	0	0	0	8	39	8	31	20	7	5	11	7	2	2	0	3	2	4	0	11	23	4	9	0	3	6	10
1822	5	2	1	2	0	1	1	25	1	8	37	6	14	0	0	4	1	0	23	0	20	1	7	62	86	2	0	7	3	20.5
1332	0	1	0	0	3	0	18	0	0	15	10	2	0	0	5	0	2	0	22	0	0	0	2	6	23	26	0	1	5	9
3535	5	7	1	0	0	1	2	10	0	23	35	36	20	2	2	6	7	0	48	2	4	0	2	38	56	19	12	1	2	10
871	1	0	0	0	0	0	0	1	0	12	1	0	5	1	0	0	0	0	0	1	0	0	2	1	1	0	0	2	1	5
3195	8	3	4	4	0	0	0	5	0	31	38	6	32	7	3	2	1	0	4	2	13	0	3	17	43	0	0	7	3	10
2430	13	2	1	5	0	2	0	18	0	18	35	2	48	1	1	2	0	0	0	0	8	0	8	6	35	1	0	7	3	16.5
149	6	4	0	2	7	5	0	10	0	9	15	4	16	0	1	1	0	0	1	4	0	1	19	15	5	32	4	6	5	17
2426	5	4	1	0	0	1	0	0	1	9	11	6	20	0	1	3	1	0	0	1	7	2	3	4	17	5	0	6	3	9
1571	0	5	0	0	0	2	0	6	0	7	5	10	14	8	0	1	0	0	22	0	0	0	1	6	13	1	0	3	3	9.5
2688	15	5	0	1	0	0	0	16	0	4	32	4	30	4	0	2	0	0	0	2	7	1	14	14	19	0	0	7	6	15
2736	5	0	1	0	0	1	0	0	0	5	15	4	12	3	0	1	3	0	0	0	0	0	5	1	5	4	3	7	6	5
3524	1	0	3	0	0	0	0	23	1	11	14	36	5	1	0	0	1	1	29	0	0	1	7	32	45	10	5	1	2	5.5
464	1	0	0	0	2	2	7	7	3	95	50	19	12	0	1	0	2	0	0	2	0	0	10	4	11	92	96	1	1	13
2530	4	0	0	0	1	0	2	2	1	14	26	9	10	0	0	1	0	1	0	0	1	1	7	9	21	37	5	7	6	10
3542	3	8	0	0	0	0	1	0	0	15	21	42	23	1	5	2	3	8	26	0	8	1	4	36	24	15	5	1	3	10.5
1926	1	0	0	0	1	0	0	0	0	4	9	5	22	1	1	0	0	0	0	0	2	0	0	4	4	5	0	3	6	6
601	6	0	0	0	0	0	0	0	0	29	3	0	0	9	0	0	0	0	0	0	0	0	0	0	0	0	0	2	1	5
859	5	6	0	0	4	0	16	14	0	8	36	9	3	0	0	0	11	0	23	0	0	0	6	12	23	76	52	4	5	11.5
2259	0	0	0	0	0	3	0	2	0	6	18	8	11	0	0	1	0	0	0	0	0	0	2	8	18	20	1	6	6	4.5
990	5	0	0	0	0	0	0	0	0	31	7	0	9	0	0	0	0	0	0	0	3	1	0	1	0	1	0	1	1	5
1169	2	0	0	0	0	1	0	19	1	2	2	0	3	1	0	0	0	0	43	0	1	0	2	0	3	0	0	5	3	4.5
2528	0	2	0	0	0	0	0	0	0	9	6	0	6	2	2	0	0	0	0	3	7	2	3	0	14	1	0	6	6	4.5
2793	6	1	3	0	0	0	4	1	3	21	48	13	40	5	3	2	1	0	1	5	28	0	7	2	4	16	0	7	6	18
1701	5	0	1	0	2	2	1	1	1	41	39	6	53	0	9	0	1	0	0	6	11	0	15	4	3	13	6	5	6	16.5
3293	10	1	0	0	0	0	6	0	7	36	56	8	13	8	2	5	29	2	10	1	5	0	3	7	11	58	30	1	6	20
2503	1	0	0	3	0	0	0	9	0	20	22	1	22	4	3	8	0	0	3	1	9	1	6	21	111	0	0	7	3	10.5
1090	0	0	0	0	0	2	0	14	1	16	3	0	2	0	3	0	0	0	1	1	3	0	1	4	16	6	0	5	1	5
3176	7	3	0	0	1	1	4	35	9	24	24	12	18	15	0	2	6	0	83	3	3	0	8	13	25	23	6	7	6	20.5
874	3	0	0	0	0	1	1	24	0	31	6	0	11	3	0	2	1	0	4	15	2	0	4	14	17	0	0	2	1	9.5
2045	1	0	0	0	0	0	11	0	3	11	13	16	13	4	2	0	1	0	4	3	0	0	0	2	5	53	1	3	6	8
1444	0	0	0	0	0	1	0	0	1	72	7	1	0	1	0	1	0	0	0	1	1	0	2	0	0	0	0	5	6	4
1034	1	0	0	0	0	2	0	0	0	14	3	0	2	2	0	0	0	0	13	0	0	0	0	3	2	19	0	2	3	5
686	3	1	0	3	7	2	11	0	1	39	36	53	52	0	2	0	1	0	0	1	5	0	12	2	1	100	61	1	1	20.0009782833
3325	0	1	0	0	0	0	2	9	2	41	20	0	2	13	0	16	4	0	10	0	2	0	3	14	16	8	0	1	6	10
891	5	0	1	0	1	2	1	0	1	78	18	0	23	0	0	0	0	0	15	0	23	0	2	1	0	18	0	7	5	7
2007	4	0	1	1	0	0	0	2	0	8	5	0	6	0	2	3	0	0	0	0	2	0	4	2	7	0	0	7	3	5
2419	1	0	0	0	0	1	0	4	2	8	16	9	2	4	0	0	2	0	0	0	1	0	3	5	13	21	14	7	6	7.5
1515	6	0	1	0	5	2	5	0	3	35	40	26	19	3	5	0	0	1	2	1	8	0	12	2	7	44	11	1	1	18
3007	4	5	3	0	1	0	0	21	0	14	26	5	29	0	2	0	0	0	0	0	8	0	12	16	48	4	0	1	6	10
1480	1	6	2	0	4	1	16	35	2	60	46	41	46	3	1	1	10	0	52	11	20	1	12	32	48	64	42	1	5	22
3436	0	2	1	0	0	2	4	2	4	22	17	0	0	8	0	0	0	1	12	0	2	0	3	6	1	24	5	1	6	10.5
1814	21	0	0	4	0	7	1	29	0	33	102	36	65	6	6	23	5	0	6	1	13	0	37	15	131	10	0	7	3	17.5
1597	8	3	6	0	5	3	2	45	1	44	47	13	105	6	5	0	3	0	155	7	10	1	19	24	49	26	0	2	6	21
1460	2	2	0	0	1	1	0	33	0	21	30	25	11	0	3	0	0	5	32	5	3	0	9	20	18	4	13	1	6	11
3278	2	3	1	0	0	0	1	2	4	21	20	1	10	9	3	1	3	0	1	2	5	0	0	15	22	6	0	7	3	10
2402	0	0	0	0	0	0	0	0	0	5	4	0	10	0	2	1	3	15	0	0	1	0	4	1	1	1	0	1	5	2.85
1419	1	0	0	0	0	0	0	6	0	2	3	1	5	0	0	0	0	0	9	0	1	0	0	0	8	0	0	2	5	2.5
2031	4	1	0	0	0	1	2	7	3	6	26	15	36	1	0	0	7	0	0	2	3	0	3	13	12	18	0	5	6	9.5
1878	2	9	0	0	0	4	3	89	3	22	36	53	74	1	7	0	6	0	26	3	9	0	21	82	39	21	3	1	6	20
717	9	0	0	0	0	2	1	0	0	55	10	0	14	6	1	0	0	0	0	0	1	0	0	1	2	2	0	2	3	8.25
2801	2	0	0	0	0	0	0	3	0	16	32	0	9	0	1	4	0	0	0	1	10	1	8	6	16	2	0	7	3	8
411	2	0	0	1	2	0	1	1	1	12	16	10	6	6	0	7	1	0	0	2	3	0	0	2	2	4	4	7	5	7.5
3222	8	0	6	1	0	1	2	3	0	37	28	0	20	5	6	1	1	0	8	1	13	0	8	21	26	0	0	1	3	9.81
469	5	1	0	2	2	3	10	7	0	43	34	22	32	0	1	3	1	0	0	4	1	0	13	3	11	73	53	1	1	17
3018	1	0	0	0	0	0	0	1	0	0	1	0	0	0	0	1	0	0	1	0	0	0	0	3	3	0	0	7	3	0.5
1012	0	1	0	0	1	0	5	31	0	25	36	27	8	0	0	0	2	0	18	4	19	0	4	16	14	55	123	1	5	11
1725	11	1	4	0	0	2	1	24	1	38	84	14	84	29	2	9	6	0	7	0	3	1	17	54	84	6	0	7	3	18.5
221	4	0	0	1	3	1	2	1	8	121	30	9	12	0	5	0	1	0	0	1	9	0	1	3	4	32	0	6	5	23.5
3295	0	0	0	0	0	2	2	3	1	59	7	4	0	9	1	2	2	0	24	0	6	0	2	5	10	18	1	1	6	10.5
2148	2	0	0	0	0	3	2	0	3	8	19	0	33	6	0	0	0	0	2	0	1	0	1	5	2	8	1	5	6	11.5
1593	4	0	1	0	1	1	1	1	0	7	23	30	19	0	3	0	0	0	1	0	7	0	12	3	5	15	5	5	6	11
2334	5	2	0	1	0	0	0	7	0	23	21	0	24	1	0	5	0	0	0	1	8	0	11	18	101	0	0	7	3	10
1143	0	0	0	0	0	1	0	0	0	0	1	0	0	1	0	0	1	0	0	4	1	0	0	0	0	0	0	2	6	4
211	1	0	0	0	0	0	2	0	0	4	11	2	3	0	1	0	0	0	0	1	3	0	1	0	2	17	0	7	5	8.5
1565	5	1	0	2	2	2	0	0	3	56	40	20	19	0	7	0	0	1	4	1	7	3	15	3	3	33	3	1	1	18.5
2447	12	2	1	0	0	1	0	4	0	20	13	0	11	1	1	1	0	0	0	0	11	3	4	14	89	0	0	7	3	10.5
474	0	0	2	0	0	0	2	0	1	38	12	15	12	0	0	0	2	0	0	0	0	0	3	5	7	26	27	1	1	6.5
153	7	0	0	5	9	7	1	56	3	11	12	12	12	1	4	0	2	0	2	6	0	1	12	22	3	44	2	7	5	15
2905	0	10	3	0	0	7	0	0	12	8	36	2	6	1	16	4	3	3	3	0	18	5	17	52	80	0	0	1	3	11
3604	2	0	0	0	0	0	0	1	2	15	10	6	6	1	2	0	1	0	4	0	3	0	1	3	9	5	0	1	2	5
1799	4	0	1	5	2	0	8	1	2	46	43	61	21	1	2	0	1	0	1	5	4	0	5	0	7	63	45	1	2	21
2067	6	0	1	3	0	0	0	1	0	12	22	0	23	4	2	3	0	0	0	2	18	2	1	3	26	0	0	7	3	10.5
2161	7	1	0	0	0	1	5	10	1	8	19	23	31	3	3	0	1	0	9	0	0	0	9	15	20	31	15	5	6	10.5
431	2	2	0	0	3	0	7	15	0	46	47	28	39	0	3	1	2	0	0	6	6	1	7	12	17	29	37	1	1	17.5
2117	8	0	0	0	0	0	3	3	3	14	30	12	19	3	4	10	0	0	0	0	7	0	15	12	14	13	1	6	6	11
1771	9	9	2	0	2	1	6	20	1	40	68	9	57	0	16	14	0	0	0	6	9	0	15	23	74	4	0	7	3	20.5
1707	2	0	0	0	1	3	2	0	2	19	5	14	4	2	0	0	0	0	0	1	1	0	2	0	1	15	2	5	6	9.5
498	0	0	0	0	7	0	4	2	0	0	3	23	0	1	0	0	12	0	4	0	0	0	4	12	10	32	8	2	5	6
2541	9	0	0	1	3	0	0	4	0	14	17	1	15	2	2	1	1	0	0	2	8	0	1	8	50	3	0	7	3	8.125
630	0	0	0	0	0	0	2	0	0	4	2	0	3	2	0	0	0	0	0	5	0	0	1	0	3	7	0	2	1	5
2391	10	0	3	0	0	1	0	6	0	16	20	2	22	1	0	11	0	0	0	0	16	2	7	6	66	2	0	7	3	11
3667	7	2	1	0	1	2	2	15	0	16	30	18	2	1	0	2	2	1	45	1	7	1	3	11	21	20	26	1	2	10.565
1213	0	0	1	0	0	1	0	14	3	7	5	13	3	1	3	0	1	0	2	1	2	0	2	4	10	11	0	1	1	5.5
3251	3	3	2	2	0	0	1	1	0	13	17	2	27	24	4	1	2	0	9	2	19	0	4	26	47	6	0	7	3	12.36
2726	0	20	0	0	1	1	5	66	3	8	16	16	18	0	0	0	16	0	36	0	0	0	19	67	74	31	0	5	6	11
2085	5	1	0	0	0	1	0	4	4	20	28	0	16	3	0	0	0	0	0	2	16	0	6	10	17	6	0	5	6	11.5
1947	5	0	0	1	0	0	0	5	0	19	22	0	32	3	2	2	0	0	0	0	15	0	5	2	22	0	0	7	3	10.5
2052	0	0	0	0	1	1	7	1	0	2	6	5	3	0	0	0	3	0	0	0	0	0	1	3	0	27	4	3	6	4
1394	4	0	0	0	0	0	0	0	2	129	6	8	3	4	2	1	0	0	0	1	0	0	1	0	1	8	0	5	3	10
252	0	0	0	0	0	0	0	4	0	6	4	4	3	0	2	3	0	0	79	3	0	0	4	5	1	41	101	7	5	8
3205	1	0	0	0	0	1	0	16	2	10	6	3	1	37	0	1	4	0	12	0	5	0	6	12	9	7	6	5	6	8
3164	7	3	2	0	0	3	0	6	0	13	29	0	11	3	4	2	0	0	3	3	4	0	2	9	56	0	0	7	3	10.5
1598	0	1	0	0	1	0	1	32	0	8	10	1	14	1	2	0	0	0	23	0	3	0	0	7	7	3	0	1	6	4
145	0	0	0	0	0	1	0	13	0	1	0	0	3	0	0	0	0	0	1	0	0	0	2	1	1	0	0	5	5	1
2202	4	0	0	0	0	0	3	0	4	9	5	2	8	2	0	0	0	0	0	0	0	0	1	2	0	7	0	2	6	7
3059	1	1	9	0	0	2	2	0	0	41	48	9	16	2	10	0	3	0	0	3	25	4	1	26	152	1	0	7	3	16.5
2610	19	0	3	2	0	0	0	9	0	14	18	1	20	10	0	3	4	0	7	6	10	1	6	31	111	0	0	7	3	12.5
1825	0	0	0	0	0	0	0	0	0	5	10	0	1	7	0	0	0	0	0	1	1	0	0	0	0	3	0	2	6	2.5
2508	2	2	6	2	0	21	0	0	1	6	53	9	39	17	11	7	1	1	3	0	55	13	22	47	156	0	1	7	3	16
3165	5	4	4	0	0	1	0	18	0	14	19	0	9	4	1	1	0	0	6	2	6	0	5	18	43	0	0	7	3	10
2820	3	32	13	0	0	15	5	1	0	23	94	22	34	0	9	6	8	15	7	1	39	6	41	57	47	1	1	1	3	15.85
3369	3	0	0	0	0	0	2	0	2	50	21	0	3	5	2	2	1	0	5	0	2	1	1	12	5	36	14	1	6	18.5
346	0	0	0	0	0	0	7	0	0	11	14	10	1	0	0	0	0	0	0	1	0	0	3	0	0	48	14	7	5	8.5
653	3	0	0	3	10	3	24	20	1	108	42	33	51	3	2	0	1	0	21	3	15	0	10	0	14	80	0	1	5	20.5
2523	9	0	2	0	0	0	0	9	0	2	21	5	4	0	4	1	0	11	0	2	9	0	16	19	22	4	0	7	6	14.5
2867	2	4	3	0	0	3	1	12	0	8	41	8	37	0	1	0	8	0	0	1	1	0	9	32	30	16	3	5	6	9
3258	8	0	3	1	0	0	0	12	0	19	25	0	11	4	3	1	1	0	12	1	8	3	3	18	64	0	0	7	3	10
2857	10	0	3	0	1	4	0	13	0	18	28	0	24	2	4	4	1	0	9	0	12	1	6	12	69	0	0	7	3	10.62
1823	2	8	2	0	0	0	6	14	1	1	24	7	5	0	6	3	10	0	21	0	3	2	3	21	55	0	0	7	3	12
2807	1	2	0	0	0	0	0	0	0	3	5	0	1	17	0	0	0	0	0	0	2	0	2	3	13	0	0	7	3	2
2250	0	0	0	0	0	0	3	0	6	11	10	0	18	2	0	1	0	0	0	1	0	0	0	2	0	2	0	2	6	11
2452	8	0	3	1	0	0	0	13	0	19	21	1	13	5	1	5	1	0	4	3	10	1	4	26	109	0	0	7	3	10.5
2311	2	21	1	0	1	4	13	26	5	14	39	49	52	3	0	1	20	0	6	2	0	0	11	83	57	52	1	5	6	17
2387	8	0	1	0	0	1	0	6	1	37	26	2	14	1	1	6	0	0	0	2	12	8	7	23	115	0	0	7	3	12.5
2832	7	2	2	1	1	3	2	36	7	26	69	19	68	6	1	0	4	0	0	2	11	3	14	33	58	11	8	7	6	24.5
1744	4	0	0	0	1	0	10	0	0	25	33	41	4	0	7	0	0	0	1	3	11	0	4	2	0	71	25	5	6	16
3185	7	2	1	1	1	0	0	30	0	17	66	1	4	1	1	3	8	0	9	1	3	0	8	18	44	20	15	1	6	10.125
1497	3	0	2	0	0	2	1	1	0	115	17	23	2	6	1	3	0	0	2	2	3	0	2	5	0	1	0	5	6	9.5
459	2	0	0	0	6	2	10	14	1	37	37	27	43	0	0	1	0	0	0	3	3	0	9	3	10	76	46	7	1	17
2111	9	0	1	1	2	0	5	2	3	7	24	21	13	3	1	1	2	0	6	1	1	1	5	14	50	28	5	5	6	13.5
1740	3	0	0	0	0	0	0	0	0	12	8	4	6	0	0	0	1	0	0	1	1	1	1	0	0	6	0	5	6	5
2169	4	0	1	0	0	0	0	1	1	5	17	1	4	0	0	2	0	0	0	2	1	1	1	9	9	6	1	6	6	5
2631	0	0	1	0	0	0	0	1	1	10	19	1	1	3	1	0	2	0	0	3	3	1	2	1	4	6	0	6	6	5
2711	9	0	2	0	0	2	0	9	0	27	25	0	5	1	1	5	0	0	7	2	7	0	1	18	57	0	0	7	3	8
82	0	0	0	2	0	0	0	18	0	2	4	0	4	0	1	1	0	0	1	1	1	0	4	10	1	0	0	5	5	4.5
1852	4	0	0	0	0	0	4	0	4	29	23	36	6	2	4	0	0	0	1	5	1	0	3	4	5	57	18	5	2	16
2078	16	0	0	0	0	9	0	5	0	5	7	1	15	181	2	4	0	0	0	0	0	5	12	3	32	0	0	7	3	7.5
795	9	6	0	5	11	1	16	2	0	560	71	39	46	0	10	0	1	0	119	1	21	0	30	12	13	80	36	7	5	32
3217	0	0	0	0	0	0	0	0	0	4	1	0	2	0	0	0	0	0	2	0	0	0	1	2	1	0	0	1	3	1
2605	8	0	3	0	0	0	0	24	1	20	16	0	5	7	0	1	0	0	0	2	12	1	9	27	110	0	0	7	3	10.5
3013	10	5	3	4	2	6	0	20	2	39	40	2	28	23	4	4	5	0	55	7	17	1	10	54	139	1	0	7	3	16.435
2316	0	0	0	1	0	0	1	2	4	12	18	7	2	1	0	4	0	0	0	0	3	0	5	16	16	22	8	6	6	9
1095	3	1	0	0	0	0	13	21	0	50	46	25	33	0	1	0	0	0	149	0	21	1	19	41	42	143	29	1	5	30.5
1806	1	0	1	0	0	0	13	1	4	45	42	56	38	4	1	0	0	0	0	2	2	0	10	8	2	48	33	7	2	19.5
936	1	0	0	0	0	0	0	0	0	24	4	0	2	0	0	0	0	0	0	0	0	0	0	2	0	1	0	1	1	5.5
2295	10	17	2	0	0	1	0	69	3	4	64	8	62	0	0	0	6	0	1	0	8	1	13	55	44	9	0	5	6	10
3435	1	0	0	0	0	1	5	1	6	15	20	3	4	1	0	1	2	0	9	1	2	0	2	3	8	13	0	1	6	13.5
2232	10	0	1	2	0	5	0	7	0	26	16	0	32	2	0	3	0	0	0	3	26	4	18	10	71	0	0	7	3	16.5
3412	2	0	0	0	1	0	0	0	2	4	14	0	4	1	0	0	5	0	3	0	2	0	0	1	2	14	12	5	6	7.5
2399	6	0	0	3	0	0	0	7	0	15	14	0	2	21	1	4	0	0	8	1	11	2	9	16	93	1	0	7	3	9.125
2412	2	0	0	0	1	1	4	4	10	4	38	12	40	2	2	0	1	0	92	0	0	0	13	25	38	7	0	2	6	18.5
1886	0	0	0	0	0	0	0	0	2	5	11	4	16	0	5	0	0	1	0	1	5	0	5	0	9	0	0	5	6	4.5
3106	0	2	0	1	0	0	1	8	3	0	7	10	8	5	1	2	9	0	4	0	1	0	0	3	7	20	0	5	6	3.5
2821	0	3	0	0	0	1	1	0	0	5	4	5	7	1	1	0	1	1	2	0	1	0	0	23	13	1	0	4	3	1.55
339	2	0	0	0	0	0	1	0	0	3	3	1	4	0	1	0	0	0	8	2	0	0	1	2	0	8	12	1	5	2.5
1735	0	0	0	0	0	0	0	1	1	9	6	0	0	4	1	0	0	0	0	0	2	0	0	1	1	3	0	5	6	4.5
2589	1	1	0	0	0	6	5	4	1	14	35	13	11	5	1	12	1	0	0	4	3	3	9	3	12	51	4	7	6	16
1539	1	0	0	0	0	0	0	0	0	95	6	3	6	2	0	1	0	0	0	3	0	0	1	0	3	3	0	5	6	8
2866	0	1	0	0	0	0	0	1	0	0	0	0	0	0	0	0	1	0	2	0	0	0	0	2	0	0	0	4	3	0.2
1268	0	0	2	0	0	0	0	29	1	6	2	2	11	2	2	2	0	0	13	0	4	0	3	14	19	1	0	1	3	5
3199	4	2	1	1	1	1	0	4	0	5	36	1	2	0	4	0	2	0	7	2	3	1	4	11	21	0	0	7	3	8
179	2	0	0	2	1	0	1	0	3	88	10	6	5	4	5	1	1	0	32	7	12	1	1	1	0	25	0	6	5	15.5
547	7	6	0	5	1	1	5	0	0	25	45	19	30	0	0	0	3	0	0	2	7	1	2	34	2	69	36	1	5	21.5
1987	0	0	0	0	0	0	0	2	0	8	13	6	7	1	2	0	0	0	0	2	2	0	3	1	3	23	16	5	2	7.5
2272	0	2	1	0	1	0	0	3	2	3	24	10	17	0	2	0	2	0	0	0	5	0	3	6	20	12	1	5	6	7
1782	3	0	0	0	0	0	0	0	1	17	7	1	0	8	0	0	0	0	0	0	6	0	0	0	4	2	0	5	6	5
1111	3	0	0	0	0	1	0	0	0	32	2	2	1	0	0	0	0	0	0	0	4	0	0	0	0	0	0	2	3	5
328	0	0	0	1	0	1	2	5	2	4	13	3	0	0	0	0	0	0	166	1	0	0	14	6	0	16	55	1	5	7
1251	12	0	0	0	0	0	0	0	0	66	10	0	10	8	0	0	0	0	0	1	6	0	0	1	2	0	0	5	3	4
1866	0	0	0	1	0	0	0	8	0	11	4	1	7	1	0	3	0	0	2	0	3	0	0	5	31	0	0	7	3	3.5
3069	0	0	2	0	0	0	1	5	0	3	4	4	1	1	0	0	1	0	4	0	1	0	1	8	0	5	0	5	6	2
1872	2	0	0	0	0	0	0	0	0	5	7	0	3	0	0	0	2	0	0	1	0	0	0	2	3	0	0	5	6	2.5
2599	11	2	1	1	0	1	0	2	2	45	39	4	21	0	1	6	0	0	0	1	6	2	4	14	65	0	0	7	3	15.935
1129	2	0	0	0	0	1	0	8	1	9	6	0	8	1	3	0	0	0	0	0	1	0	0	5	16	0	0	1	1	5
537	0	1	0	0	8	0	40	15	0	15	0	0	0	0	0	5	22	1	132	0	0	0	1	7	0	7	0	2	5	24
38	1	1	0	0	0	3	3	18	3	1	5	0	3	0	0	1	2	0	3	2	0	2	6	7	5	14	2	6	5	10.5
2404	0	0	0	6	0	0	0	0	0	3	7	8	6	2	0	0	1	1	2	0	3	0	0	11	22	0	0	7	3	2
2398	1	1	0	5	0	0	0	4	0	4	4	0	6	9	0	8	0	0	0	1	5	5	1	4	54	0	0	7	3	5
579	2	4	1	5	9	6	6	73	0	5	29	18	24	0	1	5	0	0	145	5	10	3	10	5	18	112	29	1	5	25
1757	0	0	0	0	0	0	2	0	1	28	10	22	0	0	3	0	0	0	0	2	3	0	1	1	7	18	18	5	2	10.5
2507	2	1	10	0	0	3	0	6	0	14	128	10	51	5	14	12	0	1	2	0	30	4	15	34	60	0	0	1	3	16.5
1060	1	0	0	0	0	0	0	0	0	5	1	0	5	3	0	0	1	0	0	2	2	0	0	0	0	1	0	2	3	5
2348	11	5	2	1	0	1	0	48	2	23	55	1	26	0	2	7	1	0	1	7	24	2	14	64	142	0	0	7	3	17.5
1513	8	0	1	0	1	0	4	0	5	32	45	44	39	6	5	0	0	0	1	1	10	1	9	4	7	41	32	1	1	19.5
3039	0	0	1	0	0	0	7	2	0	17	35	32	15	8	1	0	3	3	0	4	1	0	5	2	5	61	24	1	6	14.5
1283	2	0	0	0	0	2	0	1	0	68	9	0	4	9	0	0	0	0	0	2	4	0	0	0	1	9	0	5	3	5.5
691	2	0	0	0	0	0	1	0	0	7	19	13	43	0	0	0	0	0	0	1	4	0	5	1	3	13	1	1	1	9.7539446159
3540	1	4	2	0	0	2	1	2	0	25	29	23	25	1	0	0	0	1	30	1	5	1	7	18	13	16	3	1	3	9.5
2701	7	0	0	0	0	0	0	1	0	19	32	0	18	11	0	4	1	0	0	3	11	0	6	5	28	0	0	7	3	10
2790	1	0	0	0	0	0	2	5	1	6	22	11	16	1	0	2	2	0	0	0	1	3	3	8	16	5	0	7	6	7
1824	0	0	0	0	0	0	0	0	0	0	0	0	0	0	0	0	0	0	0	0	0	0	0	0	0	0	0	5	6	0.5
1633	0	0	0	0	0	0	0	0	0	8	0	0	0	0	0	0	0	0	0	1	0	0	0	0	0	6	0	5	6	0.5
479	0	1	0	0	0	0	16	1	1	25	11	7	8	0	0	0	1	0	0	0	0	0	0	1	1	29	33	7	1	6.5
1149	6	0	0	0	0	0	0	0	0	109	10	0	15	3	0	0	0	0	0	3	12	0	0	0	2	0	0	2	3	4.5
1016	7	0	0	0	0	0	0	1	0	1	0	0	3	3	0	0	0	0	0	14	0	0	0	0	0	0	0	5	6	4.5
1187	2	0	0	0	0	0	0	0	0	36	4	0	2	4	0	0	1	0	0	2	2	0	0	1	3	1	0	5	3	5
1883	3	0	0	0	0	0	0	0	0	12	11	1	5	0	1	0	1	0	0	2	0	0	0	0	0	15	2	5	6	4
2126	9	0	0	1	0	0	0	2	0	15	38	2	32	1	1	3	0	0	0	1	15	1	1	3	19	0	0	7	3	10.25
2963	1	3	2	0	0	0	5	0	0	31	52	42	14	13	0	3	2	7	0	1	4	0	10	8	13	104	98	7	6	20.5
3282	4	4	0	0	1	1	0	12	1	21	32	9	14	4	1	1	3	0	7	2	7	0	2	46	61	0	0	1	3	9.875
2560	0	1	1	0	0	2	0	3	1	14	26	3	89	8	30	0	0	0	2	0	17	0	12	6	80	0	0	1	3	9.5
1431	3	0	0	0	0	1	1	0	0	43	5	0	6	7	0	0	0	0	0	6	5	0	0	0	0	4	0	2	6	10.5
1594	4	1	0	0	1	1	2	2	6	31	44	37	10	1	7	2	0	2	15	10	11	0	12	12	19	10	6	1	6	19
1201	6	0	0	0	0	0	0	0	2	77	26	0	8	2	3	4	0	0	1	2	1	0	2	2	2	0	0	5	3	10.5
858	5	7	0	0	8	1	37	24	0	0	2	5	5	0	0	0	25	5	32	0	0	0	9	51	0	30	8	4	5	11.5
572	0	0	0	0	0	0	0	0	0	0	5	0	0	0	0	0	0	0	0	0	0	0	0	0	0	7	4	7	5	1
3675	0	3	0	0	0	3	0	4	3	9	3	0	2	1	0	0	1	0	15	7	0	0	2	14	12	12	0	1	6	5
2443	2	0	1	1	0	0	0	4	1	16	27	2	18	0	3	3	0	0	0	0	17	0	8	8	66	1	0	7	3	10
1291	0	0	0	0	0	0	0	0	0	13	2	0	1	0	0	0	0	0	0	0	0	0	0	1	1	0	0	5	3	1
973	1	0	0	0	0	0	0	0	0	35	2	0	2	2	0	0	0	0	0	14	5	0	0	0	0	0	0	2	3	6
48	0	0	0	0	1	0	0	14	0	3	1	0	0	0	1	0	0	0	0	0	5	0	5	4	2	0	0	5	5	2.5
3246	1	4	0	0	0	0	2	3	1	23	17	0	16	1	0	1	2	0	9	2	2	2	3	10	6	4	0	1	3	5.5
2965	2	1	0	0	0	1	8	1	3	16	49	13	16	23	6	5	7	4	0	1	4	0	2	3	5	48	38	1	6	16.5
2984	2	4	22	1	0	0	0	0	0	62	73	3	33	2	7	8	0	2	39	3	17	2	6	40	94	0	0	7	3	16.5
3283	4	6	2	0	0	1	0	33	1	11	19	0	10	6	0	0	1	0	8	2	9	1	7	29	70	0	0	7	3	10
3249	5	1	0	4	0	0	0	2	0	13	21	2	24	12	2	1	1	0	13	2	14	1	7	17	17	3	0	1	3	10.5
460	1	0	0	4	6	1	7	3	1	48	25	30	31	0	3	2	1	0	0	0	0	0	2	6	6	75	93	7	1	17
1098	3	0	6	1	3	4	16	90	6	181	78	43	58	0	6	1	3	0	0	9	1	0	9	13	7	150	1	7	5	31.5
3004	9	3	3	0	0	0	0	2	0	11	33	11	13	1	1	2	2	0	0	1	3	0	3	7	30	0	0	1	6	8.25
1797	3	0	0	0	0	0	0	0	0	10	6	3	1	0	1	0	0	0	1	2	1	0	4	9	0	5	0	3	6	3.5
674	4	0	0	0	0	0	0	0	0	58	3	0	1	11	0	1	0	0	0	3	9	0	0	0	0	1	0	2	1	12
3488	0	2	0	0	1	0	0	5	0	14	0	0	4	19	0	0	0	0	0	0	1	0	0	2	0	0	0	3	6	3
1426	4	2	10	1	4	0	13	29	1	156	87	36	20	0	10	1	7	0	35	4	18	0	3	19	10	80	61	1	5	21.5
955	0	0	0	4	3	2	46	30	3	92	66	18	25	0	13	0	1	0	8	0	4	0	1	14	31	102	188	1	5	31
237	2	0	0	0	6	0	2	0	1	146	24	13	3	0	3	1	1	0	0	5	15	0	0	6	2	51	0	6	5	20
2373	0	0	0	0	0	0	0	0	0	2	3	0	3	0	0	0	0	0	0	0	0	0	0	0	2	6	0	7	3	1.5
892	3	0	3	0	4	8	4	6	2	129	31	34	53	0	1	0	0	0	217	1	16	0	11	3	17	50	0	1	5	26.5
2657	4	1	2	4	0	0	0	12	0	38	26	3	20	1	2	4	0	0	0	1	17	0	5	15	140	1	0	7	3	11.035
2142	0	0	1	0	0	0	0	0	0	11	21	0	18	0	0	0	0	0	0	2	1	0	0	2	0	8	0	5	6	6.5
3648	2	1	2	0	0	0	1	1	0	5	8	6	2	0	0	0	2	4	17	0	0	0	1	1	6	9	18	1	2	4
1905	18	0	0	7	0	2	0	3	1	6	5	0	2	236	16	1	0	0	0	0	0	24	12	16	46	0	0	7	3	18.5
2775	1	6	0	0	0	2	4	60	9	14	9	3	5	15	0	0	26	0	22	0	0	0	13	56	75	16	0	3	6	10
1353	2	0	0	0	0	1	0	26	0	17	12	5	11	0	1	4	0	0	32	1	2	0	1	9	13	4	0	2	3	5
3515	1	0	0	0	0	0	0	0	0	2	4	1	0	1	0	0	0	0	0	1	2	0	0	0	1	0	0	1	3	1.44
3682	0	0	0	0	0	0	5	0	1	22	6	0	1	11	0	1	0	0	23	1	4	0	1	0	0	8	0	1	2	8
1774	6	13	0	2	0	1	0	34	1	36	60	4	30	85	7	12	1	0	2	1	10	17	36	60	177	1	0	7	3	19.5
1242	3	0	0	0	0	0	0	35	0	7	7	0	3	0	0	0	0	0	85	1	1	1	1	4	18	0	0	2	1	5
205	10	1	0	1	3	1	6	1	1	187	23	16	8	0	0	1	0	0	0	5	13	0	0	2	4	62	2	7	5	21
875	4	0	0	0	0	0	0	1	0	30	2	0	5	2	0	0	0	0	0	1	3	0	3	3	2	1	0	2	1	6.5
3118	4	0	0	0	0	0	0	5	0	8	8	1	1	24	0	4	0	0	5	3	2	2	2	9	26	4	0	1	6	5
1036	1	0	0	0	0	0	2	0	0	19	7	1	4	1	0	0	0	0	0	2	1	0	2	0	0	29	0	2	3	5.5
730	7	0	0	0	0	0	0	0	0	22	5	0	1	0	0	0	0	0	0	0	1	0	0	0	0	15	0	2	1	5.1
2744	5	0	0	0	0	0	0	4	0	4	14	2	0	0	2	2	0	0	0	0	4	0	2	7	6	10	5	7	6	4.5
1037	0	0	0	0	0	0	0	1	0	19	9	0	2	1	1	0	0	0	0	2	3	0	2	2	0	5	0	1	1	5.5
3191	6	1	6	0	0	0	0	3	1	22	19	0	35	7	2	6	3	0	1	2	10	0	4	16	25	0	0	1	3	10
2367	3	0	0	0	0	0	0	2	2	8	18	2	3	0	0	1	1	0	0	0	4	0	4	7	10	26	0	6	6	4.5
410	5	1	0	2	0	0	1	0	1	16	30	12	34	0	2	0	1	0	0	1	2	0	4	0	0	18	6	7	5	10
1829	3	0	0	0	0	0	0	0	0	14	6	6	1	8	0	0	0	0	0	0	2	0	0	0	0	7	0	5	6	5.5
1451	1	2	0	0	0	2	3	4	0	27	6	3	6	3	2	0	3	0	134	1	0	0	5	11	6	13	0	6	6	8
50	1	0	0	0	1	0	0	37	0	1	2	0	2	0	0	1	0	1	2	0	1	1	6	8	0	3	0	6	5	4.5
669	3	0	0	0	0	3	0	20	1	14	6	0	12	0	0	1	1	0	26	3	2	0	1	12	7	5	0	2	1	10.5
1051	5	0	0	0	1	6	15	5	0	122	53	38	34	0	7	0	0	0	223	0	19	0	10	12	17	146	5	1	5	31.5
3248	7	2	3	1	2	2	0	10	0	33	44	0	21	4	3	1	3	0	12	0	5	0	10	12	24	10	0	1	3	10.5
2302	0	0	0	0	0	0	0	0	1	2	4	6	3	5	0	0	0	0	0	0	0	0	3	3	1	9	1	5	6	3
581	0	7	1	0	8	1	15	39	0	1	2	12	14	0	0	0	15	2	186	2	0	0	6	18	20	155	26	2	5	26.5
3363	0	1	0	0	0	0	0	0	4	28	19	2	3	7	0	2	4	2	1	1	2	0	1	3	1	19	2	5	6	6.5
1694	1	0	0	0	2	0	2	2	1	15	25	27	3	1	1	0	0	0	13	1	5	0	4	0	0	23	14	5	6	8
1702	2	1	0	0	0	0	0	0	1	15	24	14	29	0	9	0	0	0	0	0	6	0	2	3	0	5	5	2	6	10
2023	4	4	0	0	0	3	2	146	3	24	13	0	8	11	0	0	13	0	11	3	32	0	21	49	36	7	0	5	6	17
1486	1	2	0	0	0	2	3	1	0	6	3	0	8	2	0	0	1	0	0	7	0	0	1	2	10	23	0	2	6	10.5
982	3	0	0	0	1	1	1	3	0	18	4	0	8	12	0	0	1	0	1	5	0	0	0	12	0	7	0	2	1	10
56	4	0	0	0	0	1	2	3	2	3	4	1	3	0	2	1	0	0	17	6	7	2	8	2	2	5	0	6	5	10.5
2995	4	5	4	1	1	6	1	72	7	29	67	25	24	1	0	4	7	0	105	2	6	1	5	79	34	36	5	1	6	21
2405	0	2	0	0	0	0	1	28	1	0	17	0	13	0	0	0	3	0	4	0	1	0	4	18	33	6	0	6	6	3.5
3095	2	1	3	0	0	0	0	7	0	10	30	1	3	2	3	1	0	0	11	0	4	1	3	20	36	0	0	7	3	8.5
258	12	0	0	0	2	0	1	0	7	21	39	14	11	0	3	0	0	0	1	5	10	0	0	0	1	48	0	6	5	21.5
219	9	0	0	1	7	0	0	1	4	51	29	10	7	0	3	0	1	0	0	3	2	0	1	3	3	54	0	6	5	19.5
3167	0	0	1	0	0	0	0	6	0	8	12	0	5	0	0	0	2	0	11	0	1	0	1	10	17	1	0	1	3	5
2505	1	0	3	2	0	0	0	7	0	11	8	1	9	0	1	3	2	0	0	2	8	1	2	14	38	0	0	7	3	5.5
1308	2	0	0	0	0	1	0	0	0	1	2	0	1	2	0	0	0	0	0	1	1	0	0	0	0	0	0	5	6	3.5
1177	0	0	0	1	1	1	3	1	0	10	21	10	10	0	1	0	2	0	6	0	6	0	7	2	1	41	27	1	5	7
358	2	0	0	2	0	3	1	0	0	2	9	5	3	0	1	0	1	0	4	1	3	0	1	1	3	29	6	7	5	11
TGC	3	3	3	3	3	3	3	3	3	3	3	3	3	3	3	3	3	3	3	3	3	3	3	3	3	3	3	1	1	1
